2015.08.22 19:03 B E:\MAHESH WORK AREA\TurkeyTour\TurkeyTour\siteadmin_resource\plugins\datepicker\locales\bootstrap-datepicker.ar.js --> web-13.znetlive.in /turkey2015/siteadmin_resource/plugins/datepicker/locales bootstrap-datepicker.ar.js
2015.08.22 19:03 B E:\MAHESH WORK AREA\TurkeyTour\TurkeyTour\siteadmin_resource\plugins\datepicker\locales\bootstrap-datepicker.az.js --> web-13.znetlive.in /turkey2015/siteadmin_resource/plugins/datepicker/locales bootstrap-datepicker.az.js
2015.08.22 19:03 B E:\MAHESH WORK AREA\TurkeyTour\TurkeyTour\siteadmin_resource\plugins\datepicker\locales\bootstrap-datepicker.bg.js --> web-13.znetlive.in /turkey2015/siteadmin_resource/plugins/datepicker/locales bootstrap-datepicker.bg.js
2015.08.22 19:03 B E:\MAHESH WORK AREA\TurkeyTour\TurkeyTour\siteadmin_resource\plugins\datepicker\locales\bootstrap-datepicker.ca.js --> web-13.znetlive.in /turkey2015/siteadmin_resource/plugins/datepicker/locales bootstrap-datepicker.ca.js
2015.08.22 19:03 B E:\MAHESH WORK AREA\TurkeyTour\TurkeyTour\siteadmin_resource\plugins\datepicker\locales\bootstrap-datepicker.cs.js --> web-13.znetlive.in /turkey2015/siteadmin_resource/plugins/datepicker/locales bootstrap-datepicker.cs.js
2015.08.22 19:03 B E:\MAHESH WORK AREA\TurkeyTour\TurkeyTour\siteadmin_resource\plugins\datepicker\locales\bootstrap-datepicker.cy.js --> web-13.znetlive.in /turkey2015/siteadmin_resource/plugins/datepicker/locales bootstrap-datepicker.cy.js
2015.08.22 19:03 B E:\MAHESH WORK AREA\TurkeyTour\TurkeyTour\siteadmin_resource\plugins\datepicker\locales\bootstrap-datepicker.da.js --> web-13.znetlive.in /turkey2015/siteadmin_resource/plugins/datepicker/locales bootstrap-datepicker.da.js
2015.08.22 19:03 B E:\MAHESH WORK AREA\TurkeyTour\TurkeyTour\siteadmin_resource\plugins\datepicker\locales\bootstrap-datepicker.de.js --> web-13.znetlive.in /turkey2015/siteadmin_resource/plugins/datepicker/locales bootstrap-datepicker.de.js
2015.08.22 19:03 B E:\MAHESH WORK AREA\TurkeyTour\TurkeyTour\siteadmin_resource\plugins\datepicker\locales\bootstrap-datepicker.el.js --> web-13.znetlive.in /turkey2015/siteadmin_resource/plugins/datepicker/locales bootstrap-datepicker.el.js
2015.08.22 19:03 B E:\MAHESH WORK AREA\TurkeyTour\TurkeyTour\siteadmin_resource\plugins\datepicker\locales\bootstrap-datepicker.es.js --> web-13.znetlive.in /turkey2015/siteadmin_resource/plugins/datepicker/locales bootstrap-datepicker.es.js
2015.08.22 19:04 B E:\MAHESH WORK AREA\TurkeyTour\TurkeyTour\siteadmin_resource\plugins\datepicker\locales\bootstrap-datepicker.et.js --> web-13.znetlive.in /turkey2015/siteadmin_resource/plugins/datepicker/locales bootstrap-datepicker.et.js
2015.08.22 19:04 B E:\MAHESH WORK AREA\TurkeyTour\TurkeyTour\siteadmin_resource\plugins\datepicker\locales\bootstrap-datepicker.fa.js --> web-13.znetlive.in /turkey2015/siteadmin_resource/plugins/datepicker/locales bootstrap-datepicker.fa.js
2015.08.22 19:04 B E:\MAHESH WORK AREA\TurkeyTour\TurkeyTour\siteadmin_resource\plugins\datepicker\locales\bootstrap-datepicker.fi.js --> web-13.znetlive.in /turkey2015/siteadmin_resource/plugins/datepicker/locales bootstrap-datepicker.fi.js
2015.08.22 19:04 B E:\MAHESH WORK AREA\TurkeyTour\TurkeyTour\siteadmin_resource\plugins\datepicker\locales\bootstrap-datepicker.fr.js --> web-13.znetlive.in /turkey2015/siteadmin_resource/plugins/datepicker/locales bootstrap-datepicker.fr.js
2015.08.22 19:04 B E:\MAHESH WORK AREA\TurkeyTour\TurkeyTour\siteadmin_resource\plugins\datepicker\locales\bootstrap-datepicker.gl.js --> web-13.znetlive.in /turkey2015/siteadmin_resource/plugins/datepicker/locales bootstrap-datepicker.gl.js
2015.08.22 19:04 B E:\MAHESH WORK AREA\TurkeyTour\TurkeyTour\siteadmin_resource\plugins\datepicker\locales\bootstrap-datepicker.he.js --> web-13.znetlive.in /turkey2015/siteadmin_resource/plugins/datepicker/locales bootstrap-datepicker.he.js
2015.08.22 19:04 B E:\MAHESH WORK AREA\TurkeyTour\TurkeyTour\siteadmin_resource\plugins\datepicker\locales\bootstrap-datepicker.hr.js --> web-13.znetlive.in /turkey2015/siteadmin_resource/plugins/datepicker/locales bootstrap-datepicker.hr.js
2015.08.22 19:04 B E:\MAHESH WORK AREA\TurkeyTour\TurkeyTour\siteadmin_resource\plugins\datepicker\locales\bootstrap-datepicker.hu.js --> web-13.znetlive.in /turkey2015/siteadmin_resource/plugins/datepicker/locales bootstrap-datepicker.hu.js
2015.08.22 19:04 B E:\MAHESH WORK AREA\TurkeyTour\TurkeyTour\siteadmin_resource\plugins\datepicker\locales\bootstrap-datepicker.id.js --> web-13.znetlive.in /turkey2015/siteadmin_resource/plugins/datepicker/locales bootstrap-datepicker.id.js
2015.08.22 19:04 B E:\MAHESH WORK AREA\TurkeyTour\TurkeyTour\siteadmin_resource\plugins\datepicker\locales\bootstrap-datepicker.is.js --> web-13.znetlive.in /turkey2015/siteadmin_resource/plugins/datepicker/locales bootstrap-datepicker.is.js
2015.08.22 19:04 B E:\MAHESH WORK AREA\TurkeyTour\TurkeyTour\siteadmin_resource\plugins\datepicker\locales\bootstrap-datepicker.it.js --> web-13.znetlive.in /turkey2015/siteadmin_resource/plugins/datepicker/locales bootstrap-datepicker.it.js
2015.08.22 19:04 B E:\MAHESH WORK AREA\TurkeyTour\TurkeyTour\siteadmin_resource\plugins\datepicker\locales\bootstrap-datepicker.ja.js --> web-13.znetlive.in /turkey2015/siteadmin_resource/plugins/datepicker/locales bootstrap-datepicker.ja.js
2015.08.22 19:04 B E:\MAHESH WORK AREA\TurkeyTour\TurkeyTour\siteadmin_resource\plugins\datepicker\locales\bootstrap-datepicker.ka.js --> web-13.znetlive.in /turkey2015/siteadmin_resource/plugins/datepicker/locales bootstrap-datepicker.ka.js
2015.08.22 19:04 B E:\MAHESH WORK AREA\TurkeyTour\TurkeyTour\siteadmin_resource\plugins\datepicker\locales\bootstrap-datepicker.kk.js --> web-13.znetlive.in /turkey2015/siteadmin_resource/plugins/datepicker/locales bootstrap-datepicker.kk.js
2015.08.22 19:04 B E:\MAHESH WORK AREA\TurkeyTour\TurkeyTour\siteadmin_resource\plugins\datepicker\locales\bootstrap-datepicker.kr.js --> web-13.znetlive.in /turkey2015/siteadmin_resource/plugins/datepicker/locales bootstrap-datepicker.kr.js
2015.08.22 19:04 B E:\MAHESH WORK AREA\TurkeyTour\TurkeyTour\siteadmin_resource\plugins\datepicker\locales\bootstrap-datepicker.lt.js --> web-13.znetlive.in /turkey2015/siteadmin_resource/plugins/datepicker/locales bootstrap-datepicker.lt.js
2015.08.22 19:04 B E:\MAHESH WORK AREA\TurkeyTour\TurkeyTour\siteadmin_resource\plugins\datepicker\locales\bootstrap-datepicker.lv.js --> web-13.znetlive.in /turkey2015/siteadmin_resource/plugins/datepicker/locales bootstrap-datepicker.lv.js
2015.08.22 19:04 B E:\MAHESH WORK AREA\TurkeyTour\TurkeyTour\siteadmin_resource\plugins\datepicker\locales\bootstrap-datepicker.mk.js --> web-13.znetlive.in /turkey2015/siteadmin_resource/plugins/datepicker/locales bootstrap-datepicker.mk.js
2015.08.22 19:04 B E:\MAHESH WORK AREA\TurkeyTour\TurkeyTour\siteadmin_resource\plugins\datepicker\locales\bootstrap-datepicker.ms.js --> web-13.znetlive.in /turkey2015/siteadmin_resource/plugins/datepicker/locales bootstrap-datepicker.ms.js
2015.08.22 19:04 B E:\MAHESH WORK AREA\TurkeyTour\TurkeyTour\siteadmin_resource\plugins\datepicker\locales\bootstrap-datepicker.nb.js --> web-13.znetlive.in /turkey2015/siteadmin_resource/plugins/datepicker/locales bootstrap-datepicker.nb.js
2015.08.22 19:04 B E:\MAHESH WORK AREA\TurkeyTour\TurkeyTour\siteadmin_resource\plugins\datepicker\locales\bootstrap-datepicker.nl-BE.js --> web-13.znetlive.in /turkey2015/siteadmin_resource/plugins/datepicker/locales bootstrap-datepicker.nl-BE.js
2015.08.22 19:04 B E:\MAHESH WORK AREA\TurkeyTour\TurkeyTour\siteadmin_resource\plugins\datepicker\locales\bootstrap-datepicker.nl.js --> web-13.znetlive.in /turkey2015/siteadmin_resource/plugins/datepicker/locales bootstrap-datepicker.nl.js
2015.08.22 19:04 B E:\MAHESH WORK AREA\TurkeyTour\TurkeyTour\siteadmin_resource\plugins\datepicker\locales\bootstrap-datepicker.no.js --> web-13.znetlive.in /turkey2015/siteadmin_resource/plugins/datepicker/locales bootstrap-datepicker.no.js
2015.08.22 19:04 B E:\MAHESH WORK AREA\TurkeyTour\TurkeyTour\siteadmin_resource\plugins\datepicker\locales\bootstrap-datepicker.pl.js --> web-13.znetlive.in /turkey2015/siteadmin_resource/plugins/datepicker/locales bootstrap-datepicker.pl.js
2015.08.22 19:04 B E:\MAHESH WORK AREA\TurkeyTour\TurkeyTour\siteadmin_resource\plugins\datepicker\locales\bootstrap-datepicker.pt-BR.js --> web-13.znetlive.in /turkey2015/siteadmin_resource/plugins/datepicker/locales bootstrap-datepicker.pt-BR.js
2015.08.22 19:04 B E:\MAHESH WORK AREA\TurkeyTour\TurkeyTour\siteadmin_resource\plugins\datepicker\locales\bootstrap-datepicker.pt.js --> web-13.znetlive.in /turkey2015/siteadmin_resource/plugins/datepicker/locales bootstrap-datepicker.pt.js
2015.08.22 19:04 B E:\MAHESH WORK AREA\TurkeyTour\TurkeyTour\siteadmin_resource\plugins\datepicker\locales\bootstrap-datepicker.ro.js --> web-13.znetlive.in /turkey2015/siteadmin_resource/plugins/datepicker/locales bootstrap-datepicker.ro.js
2015.08.22 19:04 B E:\MAHESH WORK AREA\TurkeyTour\TurkeyTour\siteadmin_resource\plugins\datepicker\locales\bootstrap-datepicker.rs-latin.js --> web-13.znetlive.in /turkey2015/siteadmin_resource/plugins/datepicker/locales bootstrap-datepicker.rs-latin.js
2015.08.22 19:04 B E:\MAHESH WORK AREA\TurkeyTour\TurkeyTour\siteadmin_resource\plugins\datepicker\locales\bootstrap-datepicker.rs.js --> web-13.znetlive.in /turkey2015/siteadmin_resource/plugins/datepicker/locales bootstrap-datepicker.rs.js
2015.08.22 19:04 B E:\MAHESH WORK AREA\TurkeyTour\TurkeyTour\siteadmin_resource\plugins\datepicker\locales\bootstrap-datepicker.ru.js --> web-13.znetlive.in /turkey2015/siteadmin_resource/plugins/datepicker/locales bootstrap-datepicker.ru.js
2015.08.22 19:04 B E:\MAHESH WORK AREA\TurkeyTour\TurkeyTour\siteadmin_resource\plugins\datepicker\locales\bootstrap-datepicker.sk.js --> web-13.znetlive.in /turkey2015/siteadmin_resource/plugins/datepicker/locales bootstrap-datepicker.sk.js
2015.08.22 19:05 B E:\MAHESH WORK AREA\TurkeyTour\TurkeyTour\siteadmin_resource\plugins\datepicker\locales\bootstrap-datepicker.sl.js --> web-13.znetlive.in /turkey2015/siteadmin_resource/plugins/datepicker/locales bootstrap-datepicker.sl.js
2015.08.22 19:05 B E:\MAHESH WORK AREA\TurkeyTour\TurkeyTour\siteadmin_resource\plugins\datepicker\locales\bootstrap-datepicker.sq.js --> web-13.znetlive.in /turkey2015/siteadmin_resource/plugins/datepicker/locales bootstrap-datepicker.sq.js
2015.08.22 19:05 B E:\MAHESH WORK AREA\TurkeyTour\TurkeyTour\siteadmin_resource\plugins\datepicker\locales\bootstrap-datepicker.sv.js --> web-13.znetlive.in /turkey2015/siteadmin_resource/plugins/datepicker/locales bootstrap-datepicker.sv.js
2015.08.22 19:05 B E:\MAHESH WORK AREA\TurkeyTour\TurkeyTour\siteadmin_resource\plugins\datepicker\locales\bootstrap-datepicker.sw.js --> web-13.znetlive.in /turkey2015/siteadmin_resource/plugins/datepicker/locales bootstrap-datepicker.sw.js
2015.08.22 19:05 B E:\MAHESH WORK AREA\TurkeyTour\TurkeyTour\siteadmin_resource\plugins\datepicker\locales\bootstrap-datepicker.th.js --> web-13.znetlive.in /turkey2015/siteadmin_resource/plugins/datepicker/locales bootstrap-datepicker.th.js
2015.08.22 19:05 B E:\MAHESH WORK AREA\TurkeyTour\TurkeyTour\siteadmin_resource\plugins\datepicker\locales\bootstrap-datepicker.tr.js --> web-13.znetlive.in /turkey2015/siteadmin_resource/plugins/datepicker/locales bootstrap-datepicker.tr.js
2015.08.22 19:05 B E:\MAHESH WORK AREA\TurkeyTour\TurkeyTour\siteadmin_resource\plugins\datepicker\locales\bootstrap-datepicker.ua.js --> web-13.znetlive.in /turkey2015/siteadmin_resource/plugins/datepicker/locales bootstrap-datepicker.ua.js
2015.08.22 19:05 B E:\MAHESH WORK AREA\TurkeyTour\TurkeyTour\siteadmin_resource\plugins\datepicker\locales\bootstrap-datepicker.vi.js --> web-13.znetlive.in /turkey2015/siteadmin_resource/plugins/datepicker/locales bootstrap-datepicker.vi.js
2015.08.22 19:05 B E:\MAHESH WORK AREA\TurkeyTour\TurkeyTour\siteadmin_resource\plugins\datepicker\locales\bootstrap-datepicker.zh-CN.js --> web-13.znetlive.in /turkey2015/siteadmin_resource/plugins/datepicker/locales bootstrap-datepicker.zh-CN.js
2015.08.22 19:05 B E:\MAHESH WORK AREA\TurkeyTour\TurkeyTour\siteadmin_resource\plugins\datepicker\locales\bootstrap-datepicker.zh-TW.js --> web-13.znetlive.in /turkey2015/siteadmin_resource/plugins/datepicker/locales bootstrap-datepicker.zh-TW.js
2015.09.11 20:24 B E:\SALES PROJECT DEVELOPMENT\Sales_Management\Sales_Management\siteadmin_asset\plugins\datepicker\locales\bootstrap-datepicker.ar.js --> web-13.znetlive.in /Sales2015/Sales_Management/siteadmin_asset/plugins/datepicker/locales bootstrap-datepicker.ar.js
2015.09.11 20:24 B E:\SALES PROJECT DEVELOPMENT\Sales_Management\Sales_Management\siteadmin_asset\plugins\datepicker\locales\bootstrap-datepicker.az.js --> web-13.znetlive.in /Sales2015/Sales_Management/siteadmin_asset/plugins/datepicker/locales bootstrap-datepicker.az.js
2015.09.11 20:24 B E:\SALES PROJECT DEVELOPMENT\Sales_Management\Sales_Management\siteadmin_asset\plugins\datepicker\locales\bootstrap-datepicker.bg.js --> web-13.znetlive.in /Sales2015/Sales_Management/siteadmin_asset/plugins/datepicker/locales bootstrap-datepicker.bg.js
2015.09.11 20:24 B E:\SALES PROJECT DEVELOPMENT\Sales_Management\Sales_Management\siteadmin_asset\plugins\datepicker\locales\bootstrap-datepicker.ca.js --> web-13.znetlive.in /Sales2015/Sales_Management/siteadmin_asset/plugins/datepicker/locales bootstrap-datepicker.ca.js
2015.09.11 20:24 B E:\SALES PROJECT DEVELOPMENT\Sales_Management\Sales_Management\siteadmin_asset\plugins\datepicker\locales\bootstrap-datepicker.cs.js --> web-13.znetlive.in /Sales2015/Sales_Management/siteadmin_asset/plugins/datepicker/locales bootstrap-datepicker.cs.js
2015.09.11 20:24 B E:\SALES PROJECT DEVELOPMENT\Sales_Management\Sales_Management\siteadmin_asset\plugins\datepicker\locales\bootstrap-datepicker.cy.js --> web-13.znetlive.in /Sales2015/Sales_Management/siteadmin_asset/plugins/datepicker/locales bootstrap-datepicker.cy.js
2015.09.11 20:24 B E:\SALES PROJECT DEVELOPMENT\Sales_Management\Sales_Management\siteadmin_asset\plugins\datepicker\locales\bootstrap-datepicker.da.js --> web-13.znetlive.in /Sales2015/Sales_Management/siteadmin_asset/plugins/datepicker/locales bootstrap-datepicker.da.js
2015.09.11 20:24 B E:\SALES PROJECT DEVELOPMENT\Sales_Management\Sales_Management\siteadmin_asset\plugins\datepicker\locales\bootstrap-datepicker.de.js --> web-13.znetlive.in /Sales2015/Sales_Management/siteadmin_asset/plugins/datepicker/locales bootstrap-datepicker.de.js
2015.09.11 20:24 B E:\SALES PROJECT DEVELOPMENT\Sales_Management\Sales_Management\siteadmin_asset\plugins\datepicker\locales\bootstrap-datepicker.el.js --> web-13.znetlive.in /Sales2015/Sales_Management/siteadmin_asset/plugins/datepicker/locales bootstrap-datepicker.el.js
2015.09.11 20:24 B E:\SALES PROJECT DEVELOPMENT\Sales_Management\Sales_Management\siteadmin_asset\plugins\datepicker\locales\bootstrap-datepicker.es.js --> web-13.znetlive.in /Sales2015/Sales_Management/siteadmin_asset/plugins/datepicker/locales bootstrap-datepicker.es.js
2015.09.11 20:24 B E:\SALES PROJECT DEVELOPMENT\Sales_Management\Sales_Management\siteadmin_asset\plugins\datepicker\locales\bootstrap-datepicker.et.js --> web-13.znetlive.in /Sales2015/Sales_Management/siteadmin_asset/plugins/datepicker/locales bootstrap-datepicker.et.js
2015.09.11 20:25 B E:\SALES PROJECT DEVELOPMENT\Sales_Management\Sales_Management\siteadmin_asset\plugins\datepicker\locales\bootstrap-datepicker.fa.js --> web-13.znetlive.in /Sales2015/Sales_Management/siteadmin_asset/plugins/datepicker/locales bootstrap-datepicker.fa.js
2015.09.11 20:25 B E:\SALES PROJECT DEVELOPMENT\Sales_Management\Sales_Management\siteadmin_asset\plugins\datepicker\locales\bootstrap-datepicker.fi.js --> web-13.znetlive.in /Sales2015/Sales_Management/siteadmin_asset/plugins/datepicker/locales bootstrap-datepicker.fi.js
2015.09.11 20:25 B E:\SALES PROJECT DEVELOPMENT\Sales_Management\Sales_Management\siteadmin_asset\plugins\datepicker\locales\bootstrap-datepicker.fr.js --> web-13.znetlive.in /Sales2015/Sales_Management/siteadmin_asset/plugins/datepicker/locales bootstrap-datepicker.fr.js
2015.09.11 20:25 B E:\SALES PROJECT DEVELOPMENT\Sales_Management\Sales_Management\siteadmin_asset\plugins\datepicker\locales\bootstrap-datepicker.gl.js --> web-13.znetlive.in /Sales2015/Sales_Management/siteadmin_asset/plugins/datepicker/locales bootstrap-datepicker.gl.js
2015.09.11 20:25 B E:\SALES PROJECT DEVELOPMENT\Sales_Management\Sales_Management\siteadmin_asset\plugins\datepicker\locales\bootstrap-datepicker.he.js --> web-13.znetlive.in /Sales2015/Sales_Management/siteadmin_asset/plugins/datepicker/locales bootstrap-datepicker.he.js
2015.09.11 20:25 B E:\SALES PROJECT DEVELOPMENT\Sales_Management\Sales_Management\siteadmin_asset\plugins\datepicker\locales\bootstrap-datepicker.hr.js --> web-13.znetlive.in /Sales2015/Sales_Management/siteadmin_asset/plugins/datepicker/locales bootstrap-datepicker.hr.js
2015.09.11 20:25 B E:\SALES PROJECT DEVELOPMENT\Sales_Management\Sales_Management\siteadmin_asset\plugins\datepicker\locales\bootstrap-datepicker.hu.js --> web-13.znetlive.in /Sales2015/Sales_Management/siteadmin_asset/plugins/datepicker/locales bootstrap-datepicker.hu.js
2015.09.11 20:25 B E:\SALES PROJECT DEVELOPMENT\Sales_Management\Sales_Management\siteadmin_asset\plugins\datepicker\locales\bootstrap-datepicker.id.js --> web-13.znetlive.in /Sales2015/Sales_Management/siteadmin_asset/plugins/datepicker/locales bootstrap-datepicker.id.js
2015.09.11 20:25 B E:\SALES PROJECT DEVELOPMENT\Sales_Management\Sales_Management\siteadmin_asset\plugins\datepicker\locales\bootstrap-datepicker.is.js --> web-13.znetlive.in /Sales2015/Sales_Management/siteadmin_asset/plugins/datepicker/locales bootstrap-datepicker.is.js
2015.09.11 20:25 B E:\SALES PROJECT DEVELOPMENT\Sales_Management\Sales_Management\siteadmin_asset\plugins\datepicker\locales\bootstrap-datepicker.it.js --> web-13.znetlive.in /Sales2015/Sales_Management/siteadmin_asset/plugins/datepicker/locales bootstrap-datepicker.it.js
2015.09.11 20:25 B E:\SALES PROJECT DEVELOPMENT\Sales_Management\Sales_Management\siteadmin_asset\plugins\datepicker\locales\bootstrap-datepicker.ja.js --> web-13.znetlive.in /Sales2015/Sales_Management/siteadmin_asset/plugins/datepicker/locales bootstrap-datepicker.ja.js
2015.09.11 20:25 B E:\SALES PROJECT DEVELOPMENT\Sales_Management\Sales_Management\siteadmin_asset\plugins\datepicker\locales\bootstrap-datepicker.ka.js --> web-13.znetlive.in /Sales2015/Sales_Management/siteadmin_asset/plugins/datepicker/locales bootstrap-datepicker.ka.js
2015.09.11 20:25 B E:\SALES PROJECT DEVELOPMENT\Sales_Management\Sales_Management\siteadmin_asset\plugins\datepicker\locales\bootstrap-datepicker.kk.js --> web-13.znetlive.in /Sales2015/Sales_Management/siteadmin_asset/plugins/datepicker/locales bootstrap-datepicker.kk.js
2015.09.11 20:25 B E:\SALES PROJECT DEVELOPMENT\Sales_Management\Sales_Management\siteadmin_asset\plugins\datepicker\locales\bootstrap-datepicker.kr.js --> web-13.znetlive.in /Sales2015/Sales_Management/siteadmin_asset/plugins/datepicker/locales bootstrap-datepicker.kr.js
2015.09.11 20:25 B E:\SALES PROJECT DEVELOPMENT\Sales_Management\Sales_Management\siteadmin_asset\plugins\datepicker\locales\bootstrap-datepicker.lt.js --> web-13.znetlive.in /Sales2015/Sales_Management/siteadmin_asset/plugins/datepicker/locales bootstrap-datepicker.lt.js
2015.09.11 20:25 B E:\SALES PROJECT DEVELOPMENT\Sales_Management\Sales_Management\siteadmin_asset\plugins\datepicker\locales\bootstrap-datepicker.lv.js --> web-13.znetlive.in /Sales2015/Sales_Management/siteadmin_asset/plugins/datepicker/locales bootstrap-datepicker.lv.js
2015.09.11 20:25 B E:\SALES PROJECT DEVELOPMENT\Sales_Management\Sales_Management\siteadmin_asset\plugins\datepicker\locales\bootstrap-datepicker.mk.js --> web-13.znetlive.in /Sales2015/Sales_Management/siteadmin_asset/plugins/datepicker/locales bootstrap-datepicker.mk.js
2015.09.11 20:25 B E:\SALES PROJECT DEVELOPMENT\Sales_Management\Sales_Management\siteadmin_asset\plugins\datepicker\locales\bootstrap-datepicker.ms.js --> web-13.znetlive.in /Sales2015/Sales_Management/siteadmin_asset/plugins/datepicker/locales bootstrap-datepicker.ms.js
2015.09.11 20:25 B E:\SALES PROJECT DEVELOPMENT\Sales_Management\Sales_Management\siteadmin_asset\plugins\datepicker\locales\bootstrap-datepicker.nb.js --> web-13.znetlive.in /Sales2015/Sales_Management/siteadmin_asset/plugins/datepicker/locales bootstrap-datepicker.nb.js
2015.09.11 20:25 B E:\SALES PROJECT DEVELOPMENT\Sales_Management\Sales_Management\siteadmin_asset\plugins\datepicker\locales\bootstrap-datepicker.nl-BE.js --> web-13.znetlive.in /Sales2015/Sales_Management/siteadmin_asset/plugins/datepicker/locales bootstrap-datepicker.nl-BE.js
2015.09.11 20:25 B E:\SALES PROJECT DEVELOPMENT\Sales_Management\Sales_Management\siteadmin_asset\plugins\datepicker\locales\bootstrap-datepicker.nl.js --> web-13.znetlive.in /Sales2015/Sales_Management/siteadmin_asset/plugins/datepicker/locales bootstrap-datepicker.nl.js
2015.09.11 20:25 B E:\SALES PROJECT DEVELOPMENT\Sales_Management\Sales_Management\siteadmin_asset\plugins\datepicker\locales\bootstrap-datepicker.no.js --> web-13.znetlive.in /Sales2015/Sales_Management/siteadmin_asset/plugins/datepicker/locales bootstrap-datepicker.no.js
2015.09.11 20:25 B E:\SALES PROJECT DEVELOPMENT\Sales_Management\Sales_Management\siteadmin_asset\plugins\datepicker\locales\bootstrap-datepicker.pl.js --> web-13.znetlive.in /Sales2015/Sales_Management/siteadmin_asset/plugins/datepicker/locales bootstrap-datepicker.pl.js
2015.09.11 20:25 B E:\SALES PROJECT DEVELOPMENT\Sales_Management\Sales_Management\siteadmin_asset\plugins\datepicker\locales\bootstrap-datepicker.pt-BR.js --> web-13.znetlive.in /Sales2015/Sales_Management/siteadmin_asset/plugins/datepicker/locales bootstrap-datepicker.pt-BR.js
2015.09.11 20:25 B E:\SALES PROJECT DEVELOPMENT\Sales_Management\Sales_Management\siteadmin_asset\plugins\datepicker\locales\bootstrap-datepicker.pt.js --> web-13.znetlive.in /Sales2015/Sales_Management/siteadmin_asset/plugins/datepicker/locales bootstrap-datepicker.pt.js
2015.09.11 20:25 B E:\SALES PROJECT DEVELOPMENT\Sales_Management\Sales_Management\siteadmin_asset\plugins\datepicker\locales\bootstrap-datepicker.ro.js --> web-13.znetlive.in /Sales2015/Sales_Management/siteadmin_asset/plugins/datepicker/locales bootstrap-datepicker.ro.js
2015.09.11 20:25 B E:\SALES PROJECT DEVELOPMENT\Sales_Management\Sales_Management\siteadmin_asset\plugins\datepicker\locales\bootstrap-datepicker.rs-latin.js --> web-13.znetlive.in /Sales2015/Sales_Management/siteadmin_asset/plugins/datepicker/locales bootstrap-datepicker.rs-latin.js
2015.09.11 20:25 B E:\SALES PROJECT DEVELOPMENT\Sales_Management\Sales_Management\siteadmin_asset\plugins\datepicker\locales\bootstrap-datepicker.rs.js --> web-13.znetlive.in /Sales2015/Sales_Management/siteadmin_asset/plugins/datepicker/locales bootstrap-datepicker.rs.js
2015.09.11 20:25 B E:\SALES PROJECT DEVELOPMENT\Sales_Management\Sales_Management\siteadmin_asset\plugins\datepicker\locales\bootstrap-datepicker.ru.js --> web-13.znetlive.in /Sales2015/Sales_Management/siteadmin_asset/plugins/datepicker/locales bootstrap-datepicker.ru.js
2015.09.11 20:25 B E:\SALES PROJECT DEVELOPMENT\Sales_Management\Sales_Management\siteadmin_asset\plugins\datepicker\locales\bootstrap-datepicker.sk.js --> web-13.znetlive.in /Sales2015/Sales_Management/siteadmin_asset/plugins/datepicker/locales bootstrap-datepicker.sk.js
2015.09.11 20:25 B E:\SALES PROJECT DEVELOPMENT\Sales_Management\Sales_Management\siteadmin_asset\plugins\datepicker\locales\bootstrap-datepicker.sl.js --> web-13.znetlive.in /Sales2015/Sales_Management/siteadmin_asset/plugins/datepicker/locales bootstrap-datepicker.sl.js
2015.09.11 20:25 B E:\SALES PROJECT DEVELOPMENT\Sales_Management\Sales_Management\siteadmin_asset\plugins\datepicker\locales\bootstrap-datepicker.sq.js --> web-13.znetlive.in /Sales2015/Sales_Management/siteadmin_asset/plugins/datepicker/locales bootstrap-datepicker.sq.js
2015.09.11 20:25 B E:\SALES PROJECT DEVELOPMENT\Sales_Management\Sales_Management\siteadmin_asset\plugins\datepicker\locales\bootstrap-datepicker.sv.js --> web-13.znetlive.in /Sales2015/Sales_Management/siteadmin_asset/plugins/datepicker/locales bootstrap-datepicker.sv.js
2015.09.11 20:25 B E:\SALES PROJECT DEVELOPMENT\Sales_Management\Sales_Management\siteadmin_asset\plugins\datepicker\locales\bootstrap-datepicker.sw.js --> web-13.znetlive.in /Sales2015/Sales_Management/siteadmin_asset/plugins/datepicker/locales bootstrap-datepicker.sw.js
2015.09.11 20:25 B E:\SALES PROJECT DEVELOPMENT\Sales_Management\Sales_Management\siteadmin_asset\plugins\datepicker\locales\bootstrap-datepicker.th.js --> web-13.znetlive.in /Sales2015/Sales_Management/siteadmin_asset/plugins/datepicker/locales bootstrap-datepicker.th.js
2015.09.11 20:25 B E:\SALES PROJECT DEVELOPMENT\Sales_Management\Sales_Management\siteadmin_asset\plugins\datepicker\locales\bootstrap-datepicker.tr.js --> web-13.znetlive.in /Sales2015/Sales_Management/siteadmin_asset/plugins/datepicker/locales bootstrap-datepicker.tr.js
2015.09.11 20:25 B E:\SALES PROJECT DEVELOPMENT\Sales_Management\Sales_Management\siteadmin_asset\plugins\datepicker\locales\bootstrap-datepicker.ua.js --> web-13.znetlive.in /Sales2015/Sales_Management/siteadmin_asset/plugins/datepicker/locales bootstrap-datepicker.ua.js
2015.09.11 20:25 B E:\SALES PROJECT DEVELOPMENT\Sales_Management\Sales_Management\siteadmin_asset\plugins\datepicker\locales\bootstrap-datepicker.vi.js --> web-13.znetlive.in /Sales2015/Sales_Management/siteadmin_asset/plugins/datepicker/locales bootstrap-datepicker.vi.js
2015.09.11 20:26 B E:\SALES PROJECT DEVELOPMENT\Sales_Management\Sales_Management\siteadmin_asset\plugins\datepicker\locales\bootstrap-datepicker.zh-CN.js --> web-13.znetlive.in /Sales2015/Sales_Management/siteadmin_asset/plugins/datepicker/locales bootstrap-datepicker.zh-CN.js
2015.09.11 20:26 B E:\SALES PROJECT DEVELOPMENT\Sales_Management\Sales_Management\siteadmin_asset\plugins\datepicker\locales\bootstrap-datepicker.zh-TW.js --> web-13.znetlive.in /Sales2015/Sales_Management/siteadmin_asset/plugins/datepicker/locales bootstrap-datepicker.zh-TW.js
2015.09.11 20:26 B E:\SALES PROJECT DEVELOPMENT\Sales_Management\Sales_Management\siteadmin_asset\plugins\datepicker\locales\WS_FTP.LOG --> web-13.znetlive.in /Sales2015/Sales_Management/siteadmin_asset/plugins/datepicker/locales WS_FTP.LOG
2015.09.12 11:49 B E:\SALES PROJECT DEVELOPMENT\Sales_Management\Sales_Management\siteadmin_asset\plugins\datepicker\locales\bootstrap-datepicker.ar.js --> web-13.znetlive.in /Sales2015/siteadmin_asset/plugins/datepicker/locales bootstrap-datepicker.ar.js
2015.09.12 11:49 B E:\SALES PROJECT DEVELOPMENT\Sales_Management\Sales_Management\siteadmin_asset\plugins\datepicker\locales\bootstrap-datepicker.az.js --> web-13.znetlive.in /Sales2015/siteadmin_asset/plugins/datepicker/locales bootstrap-datepicker.az.js
2015.09.12 11:49 B E:\SALES PROJECT DEVELOPMENT\Sales_Management\Sales_Management\siteadmin_asset\plugins\datepicker\locales\bootstrap-datepicker.bg.js --> web-13.znetlive.in /Sales2015/siteadmin_asset/plugins/datepicker/locales bootstrap-datepicker.bg.js
2015.09.12 11:49 B E:\SALES PROJECT DEVELOPMENT\Sales_Management\Sales_Management\siteadmin_asset\plugins\datepicker\locales\bootstrap-datepicker.ca.js --> web-13.znetlive.in /Sales2015/siteadmin_asset/plugins/datepicker/locales bootstrap-datepicker.ca.js
2015.09.12 11:49 B E:\SALES PROJECT DEVELOPMENT\Sales_Management\Sales_Management\siteadmin_asset\plugins\datepicker\locales\bootstrap-datepicker.cs.js --> web-13.znetlive.in /Sales2015/siteadmin_asset/plugins/datepicker/locales bootstrap-datepicker.cs.js
2015.09.12 11:49 B E:\SALES PROJECT DEVELOPMENT\Sales_Management\Sales_Management\siteadmin_asset\plugins\datepicker\locales\bootstrap-datepicker.cy.js --> web-13.znetlive.in /Sales2015/siteadmin_asset/plugins/datepicker/locales bootstrap-datepicker.cy.js
2015.09.12 11:49 B E:\SALES PROJECT DEVELOPMENT\Sales_Management\Sales_Management\siteadmin_asset\plugins\datepicker\locales\bootstrap-datepicker.da.js --> web-13.znetlive.in /Sales2015/siteadmin_asset/plugins/datepicker/locales bootstrap-datepicker.da.js
2015.09.12 11:49 B E:\SALES PROJECT DEVELOPMENT\Sales_Management\Sales_Management\siteadmin_asset\plugins\datepicker\locales\bootstrap-datepicker.de.js --> web-13.znetlive.in /Sales2015/siteadmin_asset/plugins/datepicker/locales bootstrap-datepicker.de.js
2015.09.12 11:49 B E:\SALES PROJECT DEVELOPMENT\Sales_Management\Sales_Management\siteadmin_asset\plugins\datepicker\locales\bootstrap-datepicker.el.js --> web-13.znetlive.in /Sales2015/siteadmin_asset/plugins/datepicker/locales bootstrap-datepicker.el.js
2015.09.12 11:49 B E:\SALES PROJECT DEVELOPMENT\Sales_Management\Sales_Management\siteadmin_asset\plugins\datepicker\locales\bootstrap-datepicker.es.js --> web-13.znetlive.in /Sales2015/siteadmin_asset/plugins/datepicker/locales bootstrap-datepicker.es.js
2015.09.12 11:49 B E:\SALES PROJECT DEVELOPMENT\Sales_Management\Sales_Management\siteadmin_asset\plugins\datepicker\locales\bootstrap-datepicker.et.js --> web-13.znetlive.in /Sales2015/siteadmin_asset/plugins/datepicker/locales bootstrap-datepicker.et.js
2015.09.12 11:50 B E:\SALES PROJECT DEVELOPMENT\Sales_Management\Sales_Management\siteadmin_asset\plugins\datepicker\locales\bootstrap-datepicker.fa.js --> web-13.znetlive.in /Sales2015/siteadmin_asset/plugins/datepicker/locales bootstrap-datepicker.fa.js
2015.09.12 11:50 B E:\SALES PROJECT DEVELOPMENT\Sales_Management\Sales_Management\siteadmin_asset\plugins\datepicker\locales\bootstrap-datepicker.fi.js --> web-13.znetlive.in /Sales2015/siteadmin_asset/plugins/datepicker/locales bootstrap-datepicker.fi.js
2015.09.12 11:50 B E:\SALES PROJECT DEVELOPMENT\Sales_Management\Sales_Management\siteadmin_asset\plugins\datepicker\locales\bootstrap-datepicker.fr.js --> web-13.znetlive.in /Sales2015/siteadmin_asset/plugins/datepicker/locales bootstrap-datepicker.fr.js
2015.09.12 11:50 B E:\SALES PROJECT DEVELOPMENT\Sales_Management\Sales_Management\siteadmin_asset\plugins\datepicker\locales\bootstrap-datepicker.gl.js --> web-13.znetlive.in /Sales2015/siteadmin_asset/plugins/datepicker/locales bootstrap-datepicker.gl.js
2015.09.12 11:50 B E:\SALES PROJECT DEVELOPMENT\Sales_Management\Sales_Management\siteadmin_asset\plugins\datepicker\locales\bootstrap-datepicker.he.js --> web-13.znetlive.in /Sales2015/siteadmin_asset/plugins/datepicker/locales bootstrap-datepicker.he.js
2015.09.12 11:50 B E:\SALES PROJECT DEVELOPMENT\Sales_Management\Sales_Management\siteadmin_asset\plugins\datepicker\locales\bootstrap-datepicker.hr.js --> web-13.znetlive.in /Sales2015/siteadmin_asset/plugins/datepicker/locales bootstrap-datepicker.hr.js
2015.09.12 11:50 B E:\SALES PROJECT DEVELOPMENT\Sales_Management\Sales_Management\siteadmin_asset\plugins\datepicker\locales\bootstrap-datepicker.hu.js --> web-13.znetlive.in /Sales2015/siteadmin_asset/plugins/datepicker/locales bootstrap-datepicker.hu.js
2015.09.12 11:50 B E:\SALES PROJECT DEVELOPMENT\Sales_Management\Sales_Management\siteadmin_asset\plugins\datepicker\locales\bootstrap-datepicker.id.js --> web-13.znetlive.in /Sales2015/siteadmin_asset/plugins/datepicker/locales bootstrap-datepicker.id.js
2015.09.12 11:50 B E:\SALES PROJECT DEVELOPMENT\Sales_Management\Sales_Management\siteadmin_asset\plugins\datepicker\locales\bootstrap-datepicker.is.js --> web-13.znetlive.in /Sales2015/siteadmin_asset/plugins/datepicker/locales bootstrap-datepicker.is.js
2015.09.12 11:50 B E:\SALES PROJECT DEVELOPMENT\Sales_Management\Sales_Management\siteadmin_asset\plugins\datepicker\locales\bootstrap-datepicker.it.js --> web-13.znetlive.in /Sales2015/siteadmin_asset/plugins/datepicker/locales bootstrap-datepicker.it.js
2015.09.12 11:50 B E:\SALES PROJECT DEVELOPMENT\Sales_Management\Sales_Management\siteadmin_asset\plugins\datepicker\locales\bootstrap-datepicker.ja.js --> web-13.znetlive.in /Sales2015/siteadmin_asset/plugins/datepicker/locales bootstrap-datepicker.ja.js
2015.09.12 11:50 B E:\SALES PROJECT DEVELOPMENT\Sales_Management\Sales_Management\siteadmin_asset\plugins\datepicker\locales\bootstrap-datepicker.ka.js --> web-13.znetlive.in /Sales2015/siteadmin_asset/plugins/datepicker/locales bootstrap-datepicker.ka.js
2015.09.12 11:50 B E:\SALES PROJECT DEVELOPMENT\Sales_Management\Sales_Management\siteadmin_asset\plugins\datepicker\locales\bootstrap-datepicker.kk.js --> web-13.znetlive.in /Sales2015/siteadmin_asset/plugins/datepicker/locales bootstrap-datepicker.kk.js
2015.09.12 11:50 B E:\SALES PROJECT DEVELOPMENT\Sales_Management\Sales_Management\siteadmin_asset\plugins\datepicker\locales\bootstrap-datepicker.kr.js --> web-13.znetlive.in /Sales2015/siteadmin_asset/plugins/datepicker/locales bootstrap-datepicker.kr.js
2015.09.12 11:50 B E:\SALES PROJECT DEVELOPMENT\Sales_Management\Sales_Management\siteadmin_asset\plugins\datepicker\locales\bootstrap-datepicker.lt.js --> web-13.znetlive.in /Sales2015/siteadmin_asset/plugins/datepicker/locales bootstrap-datepicker.lt.js
2015.09.12 11:50 B E:\SALES PROJECT DEVELOPMENT\Sales_Management\Sales_Management\siteadmin_asset\plugins\datepicker\locales\bootstrap-datepicker.lv.js --> web-13.znetlive.in /Sales2015/siteadmin_asset/plugins/datepicker/locales bootstrap-datepicker.lv.js
2015.09.12 11:51 B E:\SALES PROJECT DEVELOPMENT\Sales_Management\Sales_Management\siteadmin_asset\plugins\datepicker\locales\bootstrap-datepicker.mk.js --> web-13.znetlive.in /Sales2015/siteadmin_asset/plugins/datepicker/locales bootstrap-datepicker.mk.js
2015.09.12 11:52 B E:\SALES PROJECT DEVELOPMENT\Sales_Management\Sales_Management\siteadmin_asset\plugins\datepicker\locales\bootstrap-datepicker.ms.js --> web-13.znetlive.in /Sales2015/siteadmin_asset/plugins/datepicker/locales bootstrap-datepicker.ms.js
2015.09.12 11:52 B E:\SALES PROJECT DEVELOPMENT\Sales_Management\Sales_Management\siteadmin_asset\plugins\datepicker\locales\bootstrap-datepicker.nb.js --> web-13.znetlive.in /Sales2015/siteadmin_asset/plugins/datepicker/locales bootstrap-datepicker.nb.js
2015.09.12 11:52 B E:\SALES PROJECT DEVELOPMENT\Sales_Management\Sales_Management\siteadmin_asset\plugins\datepicker\locales\bootstrap-datepicker.nl-BE.js --> web-13.znetlive.in /Sales2015/siteadmin_asset/plugins/datepicker/locales bootstrap-datepicker.nl-BE.js
2015.09.12 11:52 B E:\SALES PROJECT DEVELOPMENT\Sales_Management\Sales_Management\siteadmin_asset\plugins\datepicker\locales\bootstrap-datepicker.nl.js --> web-13.znetlive.in /Sales2015/siteadmin_asset/plugins/datepicker/locales bootstrap-datepicker.nl.js
2015.09.12 11:52 B E:\SALES PROJECT DEVELOPMENT\Sales_Management\Sales_Management\siteadmin_asset\plugins\datepicker\locales\bootstrap-datepicker.no.js --> web-13.znetlive.in /Sales2015/siteadmin_asset/plugins/datepicker/locales bootstrap-datepicker.no.js
2015.09.12 11:52 B E:\SALES PROJECT DEVELOPMENT\Sales_Management\Sales_Management\siteadmin_asset\plugins\datepicker\locales\bootstrap-datepicker.pl.js --> web-13.znetlive.in /Sales2015/siteadmin_asset/plugins/datepicker/locales bootstrap-datepicker.pl.js
2015.09.12 11:52 B E:\SALES PROJECT DEVELOPMENT\Sales_Management\Sales_Management\siteadmin_asset\plugins\datepicker\locales\bootstrap-datepicker.pt-BR.js --> web-13.znetlive.in /Sales2015/siteadmin_asset/plugins/datepicker/locales bootstrap-datepicker.pt-BR.js
2015.09.12 11:52 B E:\SALES PROJECT DEVELOPMENT\Sales_Management\Sales_Management\siteadmin_asset\plugins\datepicker\locales\bootstrap-datepicker.pt.js --> web-13.znetlive.in /Sales2015/siteadmin_asset/plugins/datepicker/locales bootstrap-datepicker.pt.js
2015.09.12 11:52 B E:\SALES PROJECT DEVELOPMENT\Sales_Management\Sales_Management\siteadmin_asset\plugins\datepicker\locales\bootstrap-datepicker.ro.js --> web-13.znetlive.in /Sales2015/siteadmin_asset/plugins/datepicker/locales bootstrap-datepicker.ro.js
2015.09.12 11:52 B E:\SALES PROJECT DEVELOPMENT\Sales_Management\Sales_Management\siteadmin_asset\plugins\datepicker\locales\bootstrap-datepicker.rs-latin.js --> web-13.znetlive.in /Sales2015/siteadmin_asset/plugins/datepicker/locales bootstrap-datepicker.rs-latin.js
2015.09.12 11:52 B E:\SALES PROJECT DEVELOPMENT\Sales_Management\Sales_Management\siteadmin_asset\plugins\datepicker\locales\bootstrap-datepicker.rs.js --> web-13.znetlive.in /Sales2015/siteadmin_asset/plugins/datepicker/locales bootstrap-datepicker.rs.js
2015.09.12 11:52 B E:\SALES PROJECT DEVELOPMENT\Sales_Management\Sales_Management\siteadmin_asset\plugins\datepicker\locales\bootstrap-datepicker.ru.js --> web-13.znetlive.in /Sales2015/siteadmin_asset/plugins/datepicker/locales bootstrap-datepicker.ru.js
2015.09.12 11:52 B E:\SALES PROJECT DEVELOPMENT\Sales_Management\Sales_Management\siteadmin_asset\plugins\datepicker\locales\bootstrap-datepicker.sk.js --> web-13.znetlive.in /Sales2015/siteadmin_asset/plugins/datepicker/locales bootstrap-datepicker.sk.js
2015.09.12 11:52 B E:\SALES PROJECT DEVELOPMENT\Sales_Management\Sales_Management\siteadmin_asset\plugins\datepicker\locales\bootstrap-datepicker.sl.js --> web-13.znetlive.in /Sales2015/siteadmin_asset/plugins/datepicker/locales bootstrap-datepicker.sl.js
2015.09.12 11:52 B E:\SALES PROJECT DEVELOPMENT\Sales_Management\Sales_Management\siteadmin_asset\plugins\datepicker\locales\bootstrap-datepicker.sq.js --> web-13.znetlive.in /Sales2015/siteadmin_asset/plugins/datepicker/locales bootstrap-datepicker.sq.js
2015.09.12 11:52 B E:\SALES PROJECT DEVELOPMENT\Sales_Management\Sales_Management\siteadmin_asset\plugins\datepicker\locales\bootstrap-datepicker.sv.js --> web-13.znetlive.in /Sales2015/siteadmin_asset/plugins/datepicker/locales bootstrap-datepicker.sv.js
2015.09.12 11:52 B E:\SALES PROJECT DEVELOPMENT\Sales_Management\Sales_Management\siteadmin_asset\plugins\datepicker\locales\bootstrap-datepicker.sw.js --> web-13.znetlive.in /Sales2015/siteadmin_asset/plugins/datepicker/locales bootstrap-datepicker.sw.js
2015.09.12 11:52 B E:\SALES PROJECT DEVELOPMENT\Sales_Management\Sales_Management\siteadmin_asset\plugins\datepicker\locales\bootstrap-datepicker.th.js --> web-13.znetlive.in /Sales2015/siteadmin_asset/plugins/datepicker/locales bootstrap-datepicker.th.js
2015.09.12 11:52 B E:\SALES PROJECT DEVELOPMENT\Sales_Management\Sales_Management\siteadmin_asset\plugins\datepicker\locales\bootstrap-datepicker.tr.js --> web-13.znetlive.in /Sales2015/siteadmin_asset/plugins/datepicker/locales bootstrap-datepicker.tr.js
2015.09.12 11:52 B E:\SALES PROJECT DEVELOPMENT\Sales_Management\Sales_Management\siteadmin_asset\plugins\datepicker\locales\bootstrap-datepicker.ua.js --> web-13.znetlive.in /Sales2015/siteadmin_asset/plugins/datepicker/locales bootstrap-datepicker.ua.js
2015.09.12 11:52 B E:\SALES PROJECT DEVELOPMENT\Sales_Management\Sales_Management\siteadmin_asset\plugins\datepicker\locales\bootstrap-datepicker.vi.js --> web-13.znetlive.in /Sales2015/siteadmin_asset/plugins/datepicker/locales bootstrap-datepicker.vi.js
2015.09.12 11:53 B E:\SALES PROJECT DEVELOPMENT\Sales_Management\Sales_Management\siteadmin_asset\plugins\datepicker\locales\bootstrap-datepicker.zh-CN.js --> web-13.znetlive.in /Sales2015/siteadmin_asset/plugins/datepicker/locales bootstrap-datepicker.zh-CN.js
2015.09.12 11:53 B E:\SALES PROJECT DEVELOPMENT\Sales_Management\Sales_Management\siteadmin_asset\plugins\datepicker\locales\bootstrap-datepicker.zh-TW.js --> web-13.znetlive.in /Sales2015/siteadmin_asset/plugins/datepicker/locales bootstrap-datepicker.zh-TW.js
2015.09.12 11:53 B E:\SALES PROJECT DEVELOPMENT\Sales_Management\Sales_Management\siteadmin_asset\plugins\datepicker\locales\WS_FTP.LOG --> web-13.znetlive.in /Sales2015/siteadmin_asset/plugins/datepicker/locales WS_FTP.LOG
2016.09.15 10:27 B E:\MANICKAM\server\manickam\manickam\siteadmin_assets\assets\plugins\datepicker\locales\bootstrap-datepicker.ar.js --> 49.50.71.212 /www.eclinix.in/wwwroot/siteadmin_assets/assets/plugins/datepicker/locales bootstrap-datepicker.ar.js
2016.09.15 10:27 B E:\MANICKAM\server\manickam\manickam\siteadmin_assets\assets\plugins\datepicker\locales\bootstrap-datepicker.az.js --> 49.50.71.212 /www.eclinix.in/wwwroot/siteadmin_assets/assets/plugins/datepicker/locales bootstrap-datepicker.az.js
2016.09.15 10:27 B E:\MANICKAM\server\manickam\manickam\siteadmin_assets\assets\plugins\datepicker\locales\bootstrap-datepicker.bg.js --> 49.50.71.212 /www.eclinix.in/wwwroot/siteadmin_assets/assets/plugins/datepicker/locales bootstrap-datepicker.bg.js
2016.09.15 10:27 B E:\MANICKAM\server\manickam\manickam\siteadmin_assets\assets\plugins\datepicker\locales\bootstrap-datepicker.ca.js --> 49.50.71.212 /www.eclinix.in/wwwroot/siteadmin_assets/assets/plugins/datepicker/locales bootstrap-datepicker.ca.js
2016.09.15 10:27 B E:\MANICKAM\server\manickam\manickam\siteadmin_assets\assets\plugins\datepicker\locales\bootstrap-datepicker.cs.js --> 49.50.71.212 /www.eclinix.in/wwwroot/siteadmin_assets/assets/plugins/datepicker/locales bootstrap-datepicker.cs.js
2016.09.15 10:27 B E:\MANICKAM\server\manickam\manickam\siteadmin_assets\assets\plugins\datepicker\locales\bootstrap-datepicker.cy.js --> 49.50.71.212 /www.eclinix.in/wwwroot/siteadmin_assets/assets/plugins/datepicker/locales bootstrap-datepicker.cy.js
2016.09.15 10:27 B E:\MANICKAM\server\manickam\manickam\siteadmin_assets\assets\plugins\datepicker\locales\bootstrap-datepicker.da.js --> 49.50.71.212 /www.eclinix.in/wwwroot/siteadmin_assets/assets/plugins/datepicker/locales bootstrap-datepicker.da.js
2016.09.15 10:27 B E:\MANICKAM\server\manickam\manickam\siteadmin_assets\assets\plugins\datepicker\locales\bootstrap-datepicker.de.js --> 49.50.71.212 /www.eclinix.in/wwwroot/siteadmin_assets/assets/plugins/datepicker/locales bootstrap-datepicker.de.js
2016.09.15 10:27 B E:\MANICKAM\server\manickam\manickam\siteadmin_assets\assets\plugins\datepicker\locales\bootstrap-datepicker.el.js --> 49.50.71.212 /www.eclinix.in/wwwroot/siteadmin_assets/assets/plugins/datepicker/locales bootstrap-datepicker.el.js
2016.09.15 10:27 B E:\MANICKAM\server\manickam\manickam\siteadmin_assets\assets\plugins\datepicker\locales\bootstrap-datepicker.es.js --> 49.50.71.212 /www.eclinix.in/wwwroot/siteadmin_assets/assets/plugins/datepicker/locales bootstrap-datepicker.es.js
2016.09.15 10:27 B E:\MANICKAM\server\manickam\manickam\siteadmin_assets\assets\plugins\datepicker\locales\bootstrap-datepicker.et.js --> 49.50.71.212 /www.eclinix.in/wwwroot/siteadmin_assets/assets/plugins/datepicker/locales bootstrap-datepicker.et.js
2016.09.15 10:27 B E:\MANICKAM\server\manickam\manickam\siteadmin_assets\assets\plugins\datepicker\locales\bootstrap-datepicker.fa.js --> 49.50.71.212 /www.eclinix.in/wwwroot/siteadmin_assets/assets/plugins/datepicker/locales bootstrap-datepicker.fa.js
2016.09.15 10:27 B E:\MANICKAM\server\manickam\manickam\siteadmin_assets\assets\plugins\datepicker\locales\bootstrap-datepicker.fi.js --> 49.50.71.212 /www.eclinix.in/wwwroot/siteadmin_assets/assets/plugins/datepicker/locales bootstrap-datepicker.fi.js
2016.09.15 10:27 B E:\MANICKAM\server\manickam\manickam\siteadmin_assets\assets\plugins\datepicker\locales\bootstrap-datepicker.fr.js --> 49.50.71.212 /www.eclinix.in/wwwroot/siteadmin_assets/assets/plugins/datepicker/locales bootstrap-datepicker.fr.js
2016.09.15 10:27 B E:\MANICKAM\server\manickam\manickam\siteadmin_assets\assets\plugins\datepicker\locales\bootstrap-datepicker.gl.js --> 49.50.71.212 /www.eclinix.in/wwwroot/siteadmin_assets/assets/plugins/datepicker/locales bootstrap-datepicker.gl.js
2016.09.15 10:27 B E:\MANICKAM\server\manickam\manickam\siteadmin_assets\assets\plugins\datepicker\locales\bootstrap-datepicker.he.js --> 49.50.71.212 /www.eclinix.in/wwwroot/siteadmin_assets/assets/plugins/datepicker/locales bootstrap-datepicker.he.js
2016.09.15 10:27 B E:\MANICKAM\server\manickam\manickam\siteadmin_assets\assets\plugins\datepicker\locales\bootstrap-datepicker.hr.js --> 49.50.71.212 /www.eclinix.in/wwwroot/siteadmin_assets/assets/plugins/datepicker/locales bootstrap-datepicker.hr.js
2016.09.15 10:27 B E:\MANICKAM\server\manickam\manickam\siteadmin_assets\assets\plugins\datepicker\locales\bootstrap-datepicker.hu.js --> 49.50.71.212 /www.eclinix.in/wwwroot/siteadmin_assets/assets/plugins/datepicker/locales bootstrap-datepicker.hu.js
2016.09.15 10:27 B E:\MANICKAM\server\manickam\manickam\siteadmin_assets\assets\plugins\datepicker\locales\bootstrap-datepicker.id.js --> 49.50.71.212 /www.eclinix.in/wwwroot/siteadmin_assets/assets/plugins/datepicker/locales bootstrap-datepicker.id.js
2016.09.15 10:28 B E:\MANICKAM\server\manickam\manickam\siteadmin_assets\assets\plugins\datepicker\locales\bootstrap-datepicker.is.js --> 49.50.71.212 /www.eclinix.in/wwwroot/siteadmin_assets/assets/plugins/datepicker/locales bootstrap-datepicker.is.js
2016.09.15 10:28 B E:\MANICKAM\server\manickam\manickam\siteadmin_assets\assets\plugins\datepicker\locales\bootstrap-datepicker.it.js --> 49.50.71.212 /www.eclinix.in/wwwroot/siteadmin_assets/assets/plugins/datepicker/locales bootstrap-datepicker.it.js
2016.09.15 10:28 B E:\MANICKAM\server\manickam\manickam\siteadmin_assets\assets\plugins\datepicker\locales\bootstrap-datepicker.ja.js --> 49.50.71.212 /www.eclinix.in/wwwroot/siteadmin_assets/assets/plugins/datepicker/locales bootstrap-datepicker.ja.js
2016.09.15 10:28 B E:\MANICKAM\server\manickam\manickam\siteadmin_assets\assets\plugins\datepicker\locales\bootstrap-datepicker.ka.js --> 49.50.71.212 /www.eclinix.in/wwwroot/siteadmin_assets/assets/plugins/datepicker/locales bootstrap-datepicker.ka.js
2016.09.15 10:28 B E:\MANICKAM\server\manickam\manickam\siteadmin_assets\assets\plugins\datepicker\locales\bootstrap-datepicker.kk.js --> 49.50.71.212 /www.eclinix.in/wwwroot/siteadmin_assets/assets/plugins/datepicker/locales bootstrap-datepicker.kk.js
2016.09.15 10:28 B E:\MANICKAM\server\manickam\manickam\siteadmin_assets\assets\plugins\datepicker\locales\bootstrap-datepicker.kr.js --> 49.50.71.212 /www.eclinix.in/wwwroot/siteadmin_assets/assets/plugins/datepicker/locales bootstrap-datepicker.kr.js
2016.09.15 10:28 B E:\MANICKAM\server\manickam\manickam\siteadmin_assets\assets\plugins\datepicker\locales\bootstrap-datepicker.lt.js --> 49.50.71.212 /www.eclinix.in/wwwroot/siteadmin_assets/assets/plugins/datepicker/locales bootstrap-datepicker.lt.js
2016.09.15 10:28 B E:\MANICKAM\server\manickam\manickam\siteadmin_assets\assets\plugins\datepicker\locales\bootstrap-datepicker.lv.js --> 49.50.71.212 /www.eclinix.in/wwwroot/siteadmin_assets/assets/plugins/datepicker/locales bootstrap-datepicker.lv.js
2016.09.15 10:28 B E:\MANICKAM\server\manickam\manickam\siteadmin_assets\assets\plugins\datepicker\locales\bootstrap-datepicker.mk.js --> 49.50.71.212 /www.eclinix.in/wwwroot/siteadmin_assets/assets/plugins/datepicker/locales bootstrap-datepicker.mk.js
2016.09.15 10:28 B E:\MANICKAM\server\manickam\manickam\siteadmin_assets\assets\plugins\datepicker\locales\bootstrap-datepicker.ms.js --> 49.50.71.212 /www.eclinix.in/wwwroot/siteadmin_assets/assets/plugins/datepicker/locales bootstrap-datepicker.ms.js
2016.09.15 10:28 B E:\MANICKAM\server\manickam\manickam\siteadmin_assets\assets\plugins\datepicker\locales\bootstrap-datepicker.nb.js --> 49.50.71.212 /www.eclinix.in/wwwroot/siteadmin_assets/assets/plugins/datepicker/locales bootstrap-datepicker.nb.js
2016.09.15 10:28 B E:\MANICKAM\server\manickam\manickam\siteadmin_assets\assets\plugins\datepicker\locales\bootstrap-datepicker.nl-BE.js --> 49.50.71.212 /www.eclinix.in/wwwroot/siteadmin_assets/assets/plugins/datepicker/locales bootstrap-datepicker.nl-BE.js
2016.09.15 10:28 B E:\MANICKAM\server\manickam\manickam\siteadmin_assets\assets\plugins\datepicker\locales\bootstrap-datepicker.nl.js --> 49.50.71.212 /www.eclinix.in/wwwroot/siteadmin_assets/assets/plugins/datepicker/locales bootstrap-datepicker.nl.js
2016.09.15 10:28 B E:\MANICKAM\server\manickam\manickam\siteadmin_assets\assets\plugins\datepicker\locales\bootstrap-datepicker.no.js --> 49.50.71.212 /www.eclinix.in/wwwroot/siteadmin_assets/assets/plugins/datepicker/locales bootstrap-datepicker.no.js
2016.09.15 10:28 B E:\MANICKAM\server\manickam\manickam\siteadmin_assets\assets\plugins\datepicker\locales\bootstrap-datepicker.pl.js --> 49.50.71.212 /www.eclinix.in/wwwroot/siteadmin_assets/assets/plugins/datepicker/locales bootstrap-datepicker.pl.js
2016.09.15 10:28 B E:\MANICKAM\server\manickam\manickam\siteadmin_assets\assets\plugins\datepicker\locales\bootstrap-datepicker.pt-BR.js --> 49.50.71.212 /www.eclinix.in/wwwroot/siteadmin_assets/assets/plugins/datepicker/locales bootstrap-datepicker.pt-BR.js
2016.09.15 10:28 B E:\MANICKAM\server\manickam\manickam\siteadmin_assets\assets\plugins\datepicker\locales\bootstrap-datepicker.pt.js --> 49.50.71.212 /www.eclinix.in/wwwroot/siteadmin_assets/assets/plugins/datepicker/locales bootstrap-datepicker.pt.js
2016.09.15 10:28 B E:\MANICKAM\server\manickam\manickam\siteadmin_assets\assets\plugins\datepicker\locales\bootstrap-datepicker.ro.js --> 49.50.71.212 /www.eclinix.in/wwwroot/siteadmin_assets/assets/plugins/datepicker/locales bootstrap-datepicker.ro.js
2016.09.15 10:28 B E:\MANICKAM\server\manickam\manickam\siteadmin_assets\assets\plugins\datepicker\locales\bootstrap-datepicker.rs-latin.js --> 49.50.71.212 /www.eclinix.in/wwwroot/siteadmin_assets/assets/plugins/datepicker/locales bootstrap-datepicker.rs-latin.js
2016.09.15 10:28 B E:\MANICKAM\server\manickam\manickam\siteadmin_assets\assets\plugins\datepicker\locales\bootstrap-datepicker.rs.js --> 49.50.71.212 /www.eclinix.in/wwwroot/siteadmin_assets/assets/plugins/datepicker/locales bootstrap-datepicker.rs.js
2016.09.15 10:28 B E:\MANICKAM\server\manickam\manickam\siteadmin_assets\assets\plugins\datepicker\locales\bootstrap-datepicker.ru.js --> 49.50.71.212 /www.eclinix.in/wwwroot/siteadmin_assets/assets/plugins/datepicker/locales bootstrap-datepicker.ru.js
2016.09.15 10:28 B E:\MANICKAM\server\manickam\manickam\siteadmin_assets\assets\plugins\datepicker\locales\bootstrap-datepicker.sk.js --> 49.50.71.212 /www.eclinix.in/wwwroot/siteadmin_assets/assets/plugins/datepicker/locales bootstrap-datepicker.sk.js
2016.09.15 10:28 B E:\MANICKAM\server\manickam\manickam\siteadmin_assets\assets\plugins\datepicker\locales\bootstrap-datepicker.sl.js --> 49.50.71.212 /www.eclinix.in/wwwroot/siteadmin_assets/assets/plugins/datepicker/locales bootstrap-datepicker.sl.js
2016.09.15 10:28 B E:\MANICKAM\server\manickam\manickam\siteadmin_assets\assets\plugins\datepicker\locales\bootstrap-datepicker.sq.js --> 49.50.71.212 /www.eclinix.in/wwwroot/siteadmin_assets/assets/plugins/datepicker/locales bootstrap-datepicker.sq.js
2016.09.15 10:28 B E:\MANICKAM\server\manickam\manickam\siteadmin_assets\assets\plugins\datepicker\locales\bootstrap-datepicker.sv.js --> 49.50.71.212 /www.eclinix.in/wwwroot/siteadmin_assets/assets/plugins/datepicker/locales bootstrap-datepicker.sv.js
2016.09.15 10:28 B E:\MANICKAM\server\manickam\manickam\siteadmin_assets\assets\plugins\datepicker\locales\bootstrap-datepicker.sw.js --> 49.50.71.212 /www.eclinix.in/wwwroot/siteadmin_assets/assets/plugins/datepicker/locales bootstrap-datepicker.sw.js
2016.09.15 10:28 B E:\MANICKAM\server\manickam\manickam\siteadmin_assets\assets\plugins\datepicker\locales\bootstrap-datepicker.th.js --> 49.50.71.212 /www.eclinix.in/wwwroot/siteadmin_assets/assets/plugins/datepicker/locales bootstrap-datepicker.th.js
2016.09.15 10:28 B E:\MANICKAM\server\manickam\manickam\siteadmin_assets\assets\plugins\datepicker\locales\bootstrap-datepicker.tr.js --> 49.50.71.212 /www.eclinix.in/wwwroot/siteadmin_assets/assets/plugins/datepicker/locales bootstrap-datepicker.tr.js
2016.09.15 10:28 B E:\MANICKAM\server\manickam\manickam\siteadmin_assets\assets\plugins\datepicker\locales\bootstrap-datepicker.ua.js --> 49.50.71.212 /www.eclinix.in/wwwroot/siteadmin_assets/assets/plugins/datepicker/locales bootstrap-datepicker.ua.js
2016.09.15 10:28 B E:\MANICKAM\server\manickam\manickam\siteadmin_assets\assets\plugins\datepicker\locales\bootstrap-datepicker.vi.js --> 49.50.71.212 /www.eclinix.in/wwwroot/siteadmin_assets/assets/plugins/datepicker/locales bootstrap-datepicker.vi.js
2016.09.15 10:28 B E:\MANICKAM\server\manickam\manickam\siteadmin_assets\assets\plugins\datepicker\locales\bootstrap-datepicker.zh-CN.js --> 49.50.71.212 /www.eclinix.in/wwwroot/siteadmin_assets/assets/plugins/datepicker/locales bootstrap-datepicker.zh-CN.js
2016.09.15 10:28 B E:\MANICKAM\server\manickam\manickam\siteadmin_assets\assets\plugins\datepicker\locales\bootstrap-datepicker.zh-TW.js --> 49.50.71.212 /www.eclinix.in/wwwroot/siteadmin_assets/assets/plugins/datepicker/locales bootstrap-datepicker.zh-TW.js
2016.09.15 10:28 B E:\MANICKAM\server\manickam\manickam\siteadmin_assets\assets\plugins\datepicker\locales\WS_FTP.LOG --> 49.50.71.212 /www.eclinix.in/wwwroot/siteadmin_assets/assets/plugins/datepicker/locales WS_FTP.LOG
2016.09.15 10:44 B E:\MANICKAM\server\manickam\manickam\siteadmin_assets\assets\plugins\datepicker\locales\WS_FTP.LOG --> 49.50.71.212 /www.eclinix.in/wwwroot/siteadmin_assets/assets/plugins/datepicker/locales WS_FTP.LOG
2016.09.16 12:52 B E:\MANICKAM\server\manickam\manickam\siteadmin_assets\assets\plugins\datepicker\locales\WS_FTP.LOG --> 49.50.71.212 /www.eclinix.in/wwwroot/siteadmin_assets/assets/plugins/datepicker/locales WS_FTP.LOG
2016.09.16 15:23 B E:\MANICKAM\server\manickam\manickam\siteadmin_assets\assets\plugins\datepicker\locales\WS_FTP.LOG --> 49.50.71.212 /www.eclinix.in/wwwroot/siteadmin_assets/assets/plugins/datepicker/locales WS_FTP.LOG
2016.12.21 14:13 B D:\Raj\Projects\DentalClinick Main\DentalClinic\DentalClinic\siteadmin_assets\assets\plugins\datepicker\locales\bootstrap-datepicker.ar.js --> web-13.znetlive.in /MusicSite/siteadmin_assets/assets/plugins/datepicker/locales bootstrap-datepicker.ar.js
2016.12.21 14:13 B D:\Raj\Projects\DentalClinick Main\DentalClinic\DentalClinic\siteadmin_assets\assets\plugins\datepicker\locales\bootstrap-datepicker.az.js --> web-13.znetlive.in /MusicSite/siteadmin_assets/assets/plugins/datepicker/locales bootstrap-datepicker.az.js
2016.12.21 14:13 B D:\Raj\Projects\DentalClinick Main\DentalClinic\DentalClinic\siteadmin_assets\assets\plugins\datepicker\locales\bootstrap-datepicker.bg.js --> web-13.znetlive.in /MusicSite/siteadmin_assets/assets/plugins/datepicker/locales bootstrap-datepicker.bg.js
2016.12.21 14:13 B D:\Raj\Projects\DentalClinick Main\DentalClinic\DentalClinic\siteadmin_assets\assets\plugins\datepicker\locales\bootstrap-datepicker.ca.js --> web-13.znetlive.in /MusicSite/siteadmin_assets/assets/plugins/datepicker/locales bootstrap-datepicker.ca.js
2016.12.21 14:13 B D:\Raj\Projects\DentalClinick Main\DentalClinic\DentalClinic\siteadmin_assets\assets\plugins\datepicker\locales\bootstrap-datepicker.cs.js --> web-13.znetlive.in /MusicSite/siteadmin_assets/assets/plugins/datepicker/locales bootstrap-datepicker.cs.js
2016.12.21 14:13 B D:\Raj\Projects\DentalClinick Main\DentalClinic\DentalClinic\siteadmin_assets\assets\plugins\datepicker\locales\bootstrap-datepicker.cy.js --> web-13.znetlive.in /MusicSite/siteadmin_assets/assets/plugins/datepicker/locales bootstrap-datepicker.cy.js
2016.12.21 14:13 B D:\Raj\Projects\DentalClinick Main\DentalClinic\DentalClinic\siteadmin_assets\assets\plugins\datepicker\locales\bootstrap-datepicker.da.js --> web-13.znetlive.in /MusicSite/siteadmin_assets/assets/plugins/datepicker/locales bootstrap-datepicker.da.js
2016.12.21 14:13 B D:\Raj\Projects\DentalClinick Main\DentalClinic\DentalClinic\siteadmin_assets\assets\plugins\datepicker\locales\bootstrap-datepicker.de.js --> web-13.znetlive.in /MusicSite/siteadmin_assets/assets/plugins/datepicker/locales bootstrap-datepicker.de.js
2016.12.21 14:13 B D:\Raj\Projects\DentalClinick Main\DentalClinic\DentalClinic\siteadmin_assets\assets\plugins\datepicker\locales\bootstrap-datepicker.el.js --> web-13.znetlive.in /MusicSite/siteadmin_assets/assets/plugins/datepicker/locales bootstrap-datepicker.el.js
2016.12.21 14:13 B D:\Raj\Projects\DentalClinick Main\DentalClinic\DentalClinic\siteadmin_assets\assets\plugins\datepicker\locales\bootstrap-datepicker.es.js --> web-13.znetlive.in /MusicSite/siteadmin_assets/assets/plugins/datepicker/locales bootstrap-datepicker.es.js
2016.12.21 14:13 B D:\Raj\Projects\DentalClinick Main\DentalClinic\DentalClinic\siteadmin_assets\assets\plugins\datepicker\locales\bootstrap-datepicker.et.js --> web-13.znetlive.in /MusicSite/siteadmin_assets/assets/plugins/datepicker/locales bootstrap-datepicker.et.js
2016.12.21 14:13 B D:\Raj\Projects\DentalClinick Main\DentalClinic\DentalClinic\siteadmin_assets\assets\plugins\datepicker\locales\bootstrap-datepicker.fa.js --> web-13.znetlive.in /MusicSite/siteadmin_assets/assets/plugins/datepicker/locales bootstrap-datepicker.fa.js
2016.12.21 14:13 B D:\Raj\Projects\DentalClinick Main\DentalClinic\DentalClinic\siteadmin_assets\assets\plugins\datepicker\locales\bootstrap-datepicker.fi.js --> web-13.znetlive.in /MusicSite/siteadmin_assets/assets/plugins/datepicker/locales bootstrap-datepicker.fi.js
2016.12.21 14:13 B D:\Raj\Projects\DentalClinick Main\DentalClinic\DentalClinic\siteadmin_assets\assets\plugins\datepicker\locales\bootstrap-datepicker.fr.js --> web-13.znetlive.in /MusicSite/siteadmin_assets/assets/plugins/datepicker/locales bootstrap-datepicker.fr.js
2016.12.21 14:13 B D:\Raj\Projects\DentalClinick Main\DentalClinic\DentalClinic\siteadmin_assets\assets\plugins\datepicker\locales\bootstrap-datepicker.gl.js --> web-13.znetlive.in /MusicSite/siteadmin_assets/assets/plugins/datepicker/locales bootstrap-datepicker.gl.js
2016.12.21 14:13 B D:\Raj\Projects\DentalClinick Main\DentalClinic\DentalClinic\siteadmin_assets\assets\plugins\datepicker\locales\bootstrap-datepicker.he.js --> web-13.znetlive.in /MusicSite/siteadmin_assets/assets/plugins/datepicker/locales bootstrap-datepicker.he.js
2016.12.21 14:13 B D:\Raj\Projects\DentalClinick Main\DentalClinic\DentalClinic\siteadmin_assets\assets\plugins\datepicker\locales\bootstrap-datepicker.hr.js --> web-13.znetlive.in /MusicSite/siteadmin_assets/assets/plugins/datepicker/locales bootstrap-datepicker.hr.js
2016.12.21 14:14 B D:\Raj\Projects\DentalClinick Main\DentalClinic\DentalClinic\siteadmin_assets\assets\plugins\datepicker\locales\bootstrap-datepicker.hu.js --> web-13.znetlive.in /MusicSite/siteadmin_assets/assets/plugins/datepicker/locales bootstrap-datepicker.hu.js
2016.12.21 14:14 B D:\Raj\Projects\DentalClinick Main\DentalClinic\DentalClinic\siteadmin_assets\assets\plugins\datepicker\locales\bootstrap-datepicker.id.js --> web-13.znetlive.in /MusicSite/siteadmin_assets/assets/plugins/datepicker/locales bootstrap-datepicker.id.js
2016.12.21 14:14 B D:\Raj\Projects\DentalClinick Main\DentalClinic\DentalClinic\siteadmin_assets\assets\plugins\datepicker\locales\bootstrap-datepicker.is.js --> web-13.znetlive.in /MusicSite/siteadmin_assets/assets/plugins/datepicker/locales bootstrap-datepicker.is.js
2016.12.21 14:14 B D:\Raj\Projects\DentalClinick Main\DentalClinic\DentalClinic\siteadmin_assets\assets\plugins\datepicker\locales\bootstrap-datepicker.it.js --> web-13.znetlive.in /MusicSite/siteadmin_assets/assets/plugins/datepicker/locales bootstrap-datepicker.it.js
2016.12.21 14:14 B D:\Raj\Projects\DentalClinick Main\DentalClinic\DentalClinic\siteadmin_assets\assets\plugins\datepicker\locales\bootstrap-datepicker.ja.js --> web-13.znetlive.in /MusicSite/siteadmin_assets/assets/plugins/datepicker/locales bootstrap-datepicker.ja.js
2016.12.21 14:14 B D:\Raj\Projects\DentalClinick Main\DentalClinic\DentalClinic\siteadmin_assets\assets\plugins\datepicker\locales\bootstrap-datepicker.ka.js --> web-13.znetlive.in /MusicSite/siteadmin_assets/assets/plugins/datepicker/locales bootstrap-datepicker.ka.js
2016.12.21 14:14 B D:\Raj\Projects\DentalClinick Main\DentalClinic\DentalClinic\siteadmin_assets\assets\plugins\datepicker\locales\bootstrap-datepicker.kk.js --> web-13.znetlive.in /MusicSite/siteadmin_assets/assets/plugins/datepicker/locales bootstrap-datepicker.kk.js
2016.12.21 14:14 B D:\Raj\Projects\DentalClinick Main\DentalClinic\DentalClinic\siteadmin_assets\assets\plugins\datepicker\locales\bootstrap-datepicker.kr.js --> web-13.znetlive.in /MusicSite/siteadmin_assets/assets/plugins/datepicker/locales bootstrap-datepicker.kr.js
2016.12.21 14:14 B D:\Raj\Projects\DentalClinick Main\DentalClinic\DentalClinic\siteadmin_assets\assets\plugins\datepicker\locales\bootstrap-datepicker.lt.js --> web-13.znetlive.in /MusicSite/siteadmin_assets/assets/plugins/datepicker/locales bootstrap-datepicker.lt.js
2016.12.21 14:14 B D:\Raj\Projects\DentalClinick Main\DentalClinic\DentalClinic\siteadmin_assets\assets\plugins\datepicker\locales\bootstrap-datepicker.lv.js --> web-13.znetlive.in /MusicSite/siteadmin_assets/assets/plugins/datepicker/locales bootstrap-datepicker.lv.js
2016.12.21 14:14 B D:\Raj\Projects\DentalClinick Main\DentalClinic\DentalClinic\siteadmin_assets\assets\plugins\datepicker\locales\bootstrap-datepicker.mk.js --> web-13.znetlive.in /MusicSite/siteadmin_assets/assets/plugins/datepicker/locales bootstrap-datepicker.mk.js
2016.12.21 14:14 B D:\Raj\Projects\DentalClinick Main\DentalClinic\DentalClinic\siteadmin_assets\assets\plugins\datepicker\locales\bootstrap-datepicker.ms.js --> web-13.znetlive.in /MusicSite/siteadmin_assets/assets/plugins/datepicker/locales bootstrap-datepicker.ms.js
2016.12.21 14:14 B D:\Raj\Projects\DentalClinick Main\DentalClinic\DentalClinic\siteadmin_assets\assets\plugins\datepicker\locales\bootstrap-datepicker.nb.js --> web-13.znetlive.in /MusicSite/siteadmin_assets/assets/plugins/datepicker/locales bootstrap-datepicker.nb.js
2016.12.21 14:14 B D:\Raj\Projects\DentalClinick Main\DentalClinic\DentalClinic\siteadmin_assets\assets\plugins\datepicker\locales\bootstrap-datepicker.nl-BE.js --> web-13.znetlive.in /MusicSite/siteadmin_assets/assets/plugins/datepicker/locales bootstrap-datepicker.nl-BE.js
2016.12.21 14:14 B D:\Raj\Projects\DentalClinick Main\DentalClinic\DentalClinic\siteadmin_assets\assets\plugins\datepicker\locales\bootstrap-datepicker.nl.js --> web-13.znetlive.in /MusicSite/siteadmin_assets/assets/plugins/datepicker/locales bootstrap-datepicker.nl.js
2016.12.21 14:14 B D:\Raj\Projects\DentalClinick Main\DentalClinic\DentalClinic\siteadmin_assets\assets\plugins\datepicker\locales\bootstrap-datepicker.no.js --> web-13.znetlive.in /MusicSite/siteadmin_assets/assets/plugins/datepicker/locales bootstrap-datepicker.no.js
2016.12.21 14:14 B D:\Raj\Projects\DentalClinick Main\DentalClinic\DentalClinic\siteadmin_assets\assets\plugins\datepicker\locales\bootstrap-datepicker.pl.js --> web-13.znetlive.in /MusicSite/siteadmin_assets/assets/plugins/datepicker/locales bootstrap-datepicker.pl.js
2016.12.21 14:14 B D:\Raj\Projects\DentalClinick Main\DentalClinic\DentalClinic\siteadmin_assets\assets\plugins\datepicker\locales\bootstrap-datepicker.pt-BR.js --> web-13.znetlive.in /MusicSite/siteadmin_assets/assets/plugins/datepicker/locales bootstrap-datepicker.pt-BR.js
2016.12.21 14:14 B D:\Raj\Projects\DentalClinick Main\DentalClinic\DentalClinic\siteadmin_assets\assets\plugins\datepicker\locales\bootstrap-datepicker.pt.js --> web-13.znetlive.in /MusicSite/siteadmin_assets/assets/plugins/datepicker/locales bootstrap-datepicker.pt.js
2016.12.21 14:14 B D:\Raj\Projects\DentalClinick Main\DentalClinic\DentalClinic\siteadmin_assets\assets\plugins\datepicker\locales\bootstrap-datepicker.ro.js --> web-13.znetlive.in /MusicSite/siteadmin_assets/assets/plugins/datepicker/locales bootstrap-datepicker.ro.js
2016.12.21 14:14 B D:\Raj\Projects\DentalClinick Main\DentalClinic\DentalClinic\siteadmin_assets\assets\plugins\datepicker\locales\bootstrap-datepicker.rs-latin.js --> web-13.znetlive.in /MusicSite/siteadmin_assets/assets/plugins/datepicker/locales bootstrap-datepicker.rs-latin.js
2016.12.21 14:14 B D:\Raj\Projects\DentalClinick Main\DentalClinic\DentalClinic\siteadmin_assets\assets\plugins\datepicker\locales\bootstrap-datepicker.rs.js --> web-13.znetlive.in /MusicSite/siteadmin_assets/assets/plugins/datepicker/locales bootstrap-datepicker.rs.js
2016.12.21 14:14 B D:\Raj\Projects\DentalClinick Main\DentalClinic\DentalClinic\siteadmin_assets\assets\plugins\datepicker\locales\bootstrap-datepicker.ru.js --> web-13.znetlive.in /MusicSite/siteadmin_assets/assets/plugins/datepicker/locales bootstrap-datepicker.ru.js
2016.12.21 14:14 B D:\Raj\Projects\DentalClinick Main\DentalClinic\DentalClinic\siteadmin_assets\assets\plugins\datepicker\locales\bootstrap-datepicker.sk.js --> web-13.znetlive.in /MusicSite/siteadmin_assets/assets/plugins/datepicker/locales bootstrap-datepicker.sk.js
2016.12.21 14:14 B D:\Raj\Projects\DentalClinick Main\DentalClinic\DentalClinic\siteadmin_assets\assets\plugins\datepicker\locales\bootstrap-datepicker.sl.js --> web-13.znetlive.in /MusicSite/siteadmin_assets/assets/plugins/datepicker/locales bootstrap-datepicker.sl.js
2016.12.21 14:14 B D:\Raj\Projects\DentalClinick Main\DentalClinic\DentalClinic\siteadmin_assets\assets\plugins\datepicker\locales\bootstrap-datepicker.sq.js --> web-13.znetlive.in /MusicSite/siteadmin_assets/assets/plugins/datepicker/locales bootstrap-datepicker.sq.js
2016.12.21 14:14 B D:\Raj\Projects\DentalClinick Main\DentalClinic\DentalClinic\siteadmin_assets\assets\plugins\datepicker\locales\bootstrap-datepicker.sv.js --> web-13.znetlive.in /MusicSite/siteadmin_assets/assets/plugins/datepicker/locales bootstrap-datepicker.sv.js
2016.12.21 14:14 B D:\Raj\Projects\DentalClinick Main\DentalClinic\DentalClinic\siteadmin_assets\assets\plugins\datepicker\locales\bootstrap-datepicker.sw.js --> web-13.znetlive.in /MusicSite/siteadmin_assets/assets/plugins/datepicker/locales bootstrap-datepicker.sw.js
2016.12.21 14:14 B D:\Raj\Projects\DentalClinick Main\DentalClinic\DentalClinic\siteadmin_assets\assets\plugins\datepicker\locales\bootstrap-datepicker.th.js --> web-13.znetlive.in /MusicSite/siteadmin_assets/assets/plugins/datepicker/locales bootstrap-datepicker.th.js
2016.12.21 14:14 B D:\Raj\Projects\DentalClinick Main\DentalClinic\DentalClinic\siteadmin_assets\assets\plugins\datepicker\locales\bootstrap-datepicker.tr.js --> web-13.znetlive.in /MusicSite/siteadmin_assets/assets/plugins/datepicker/locales bootstrap-datepicker.tr.js
2016.12.21 14:14 B D:\Raj\Projects\DentalClinick Main\DentalClinic\DentalClinic\siteadmin_assets\assets\plugins\datepicker\locales\bootstrap-datepicker.ua.js --> web-13.znetlive.in /MusicSite/siteadmin_assets/assets/plugins/datepicker/locales bootstrap-datepicker.ua.js
2016.12.21 14:14 B D:\Raj\Projects\DentalClinick Main\DentalClinic\DentalClinic\siteadmin_assets\assets\plugins\datepicker\locales\bootstrap-datepicker.vi.js --> web-13.znetlive.in /MusicSite/siteadmin_assets/assets/plugins/datepicker/locales bootstrap-datepicker.vi.js
2016.12.21 14:14 B D:\Raj\Projects\DentalClinick Main\DentalClinic\DentalClinic\siteadmin_assets\assets\plugins\datepicker\locales\bootstrap-datepicker.zh-CN.js --> web-13.znetlive.in /MusicSite/siteadmin_assets/assets/plugins/datepicker/locales bootstrap-datepicker.zh-CN.js
2016.12.21 14:14 B D:\Raj\Projects\DentalClinick Main\DentalClinic\DentalClinic\siteadmin_assets\assets\plugins\datepicker\locales\bootstrap-datepicker.zh-TW.js --> web-13.znetlive.in /MusicSite/siteadmin_assets/assets/plugins/datepicker/locales bootstrap-datepicker.zh-TW.js
2016.12.21 14:14 B D:\Raj\Projects\DentalClinick Main\DentalClinic\DentalClinic\siteadmin_assets\assets\plugins\datepicker\locales\WS_FTP.LOG --> web-13.znetlive.in /MusicSite/siteadmin_assets/assets/plugins/datepicker/locales WS_FTP.LOG
2017.07.25 17:27 B D:\Akshay\SparesWorldNew\SparesWorld\siteadmin_assets\assets\plugins\datepicker\locales\bootstrap-datepicker.ar.js --> web-13.znetlive.in /Sparesworld/siteadmin_assets/assets/plugins/datepicker/locales bootstrap-datepicker.ar.js
2017.07.25 17:27 B D:\Akshay\SparesWorldNew\SparesWorld\siteadmin_assets\assets\plugins\datepicker\locales\bootstrap-datepicker.az.js --> web-13.znetlive.in /Sparesworld/siteadmin_assets/assets/plugins/datepicker/locales bootstrap-datepicker.az.js
2017.07.25 17:27 B D:\Akshay\SparesWorldNew\SparesWorld\siteadmin_assets\assets\plugins\datepicker\locales\bootstrap-datepicker.bg.js --> web-13.znetlive.in /Sparesworld/siteadmin_assets/assets/plugins/datepicker/locales bootstrap-datepicker.bg.js
2017.07.25 17:27 B D:\Akshay\SparesWorldNew\SparesWorld\siteadmin_assets\assets\plugins\datepicker\locales\bootstrap-datepicker.ca.js --> web-13.znetlive.in /Sparesworld/siteadmin_assets/assets/plugins/datepicker/locales bootstrap-datepicker.ca.js
2017.07.25 17:27 B D:\Akshay\SparesWorldNew\SparesWorld\siteadmin_assets\assets\plugins\datepicker\locales\bootstrap-datepicker.cs.js --> web-13.znetlive.in /Sparesworld/siteadmin_assets/assets/plugins/datepicker/locales bootstrap-datepicker.cs.js
2017.07.25 17:27 B D:\Akshay\SparesWorldNew\SparesWorld\siteadmin_assets\assets\plugins\datepicker\locales\bootstrap-datepicker.cy.js --> web-13.znetlive.in /Sparesworld/siteadmin_assets/assets/plugins/datepicker/locales bootstrap-datepicker.cy.js
2017.07.25 17:27 B D:\Akshay\SparesWorldNew\SparesWorld\siteadmin_assets\assets\plugins\datepicker\locales\bootstrap-datepicker.da.js --> web-13.znetlive.in /Sparesworld/siteadmin_assets/assets/plugins/datepicker/locales bootstrap-datepicker.da.js
2017.07.25 17:28 B D:\Akshay\SparesWorldNew\SparesWorld\siteadmin_assets\assets\plugins\datepicker\locales\bootstrap-datepicker.de.js --> web-13.znetlive.in /Sparesworld/siteadmin_assets/assets/plugins/datepicker/locales bootstrap-datepicker.de.js
2017.07.25 17:28 B D:\Akshay\SparesWorldNew\SparesWorld\siteadmin_assets\assets\plugins\datepicker\locales\bootstrap-datepicker.el.js --> web-13.znetlive.in /Sparesworld/siteadmin_assets/assets/plugins/datepicker/locales bootstrap-datepicker.el.js
2017.07.25 17:28 B D:\Akshay\SparesWorldNew\SparesWorld\siteadmin_assets\assets\plugins\datepicker\locales\bootstrap-datepicker.es.js --> web-13.znetlive.in /Sparesworld/siteadmin_assets/assets/plugins/datepicker/locales bootstrap-datepicker.es.js
2017.07.25 17:28 B D:\Akshay\SparesWorldNew\SparesWorld\siteadmin_assets\assets\plugins\datepicker\locales\bootstrap-datepicker.et.js --> web-13.znetlive.in /Sparesworld/siteadmin_assets/assets/plugins/datepicker/locales bootstrap-datepicker.et.js
2017.07.25 17:28 B D:\Akshay\SparesWorldNew\SparesWorld\siteadmin_assets\assets\plugins\datepicker\locales\bootstrap-datepicker.fa.js --> web-13.znetlive.in /Sparesworld/siteadmin_assets/assets/plugins/datepicker/locales bootstrap-datepicker.fa.js
2017.07.25 17:28 B D:\Akshay\SparesWorldNew\SparesWorld\siteadmin_assets\assets\plugins\datepicker\locales\bootstrap-datepicker.fi.js --> web-13.znetlive.in /Sparesworld/siteadmin_assets/assets/plugins/datepicker/locales bootstrap-datepicker.fi.js
2017.07.25 17:28 B D:\Akshay\SparesWorldNew\SparesWorld\siteadmin_assets\assets\plugins\datepicker\locales\bootstrap-datepicker.fr.js --> web-13.znetlive.in /Sparesworld/siteadmin_assets/assets/plugins/datepicker/locales bootstrap-datepicker.fr.js
2017.07.25 17:28 B D:\Akshay\SparesWorldNew\SparesWorld\siteadmin_assets\assets\plugins\datepicker\locales\bootstrap-datepicker.gl.js --> web-13.znetlive.in /Sparesworld/siteadmin_assets/assets/plugins/datepicker/locales bootstrap-datepicker.gl.js
2017.07.25 17:28 B D:\Akshay\SparesWorldNew\SparesWorld\siteadmin_assets\assets\plugins\datepicker\locales\bootstrap-datepicker.he.js --> web-13.znetlive.in /Sparesworld/siteadmin_assets/assets/plugins/datepicker/locales bootstrap-datepicker.he.js
2017.07.25 17:28 B D:\Akshay\SparesWorldNew\SparesWorld\siteadmin_assets\assets\plugins\datepicker\locales\bootstrap-datepicker.hr.js --> web-13.znetlive.in /Sparesworld/siteadmin_assets/assets/plugins/datepicker/locales bootstrap-datepicker.hr.js
2017.07.25 17:28 B D:\Akshay\SparesWorldNew\SparesWorld\siteadmin_assets\assets\plugins\datepicker\locales\bootstrap-datepicker.hu.js --> web-13.znetlive.in /Sparesworld/siteadmin_assets/assets/plugins/datepicker/locales bootstrap-datepicker.hu.js
2017.07.25 17:28 B D:\Akshay\SparesWorldNew\SparesWorld\siteadmin_assets\assets\plugins\datepicker\locales\bootstrap-datepicker.id.js --> web-13.znetlive.in /Sparesworld/siteadmin_assets/assets/plugins/datepicker/locales bootstrap-datepicker.id.js
2017.07.25 17:28 B D:\Akshay\SparesWorldNew\SparesWorld\siteadmin_assets\assets\plugins\datepicker\locales\bootstrap-datepicker.is.js --> web-13.znetlive.in /Sparesworld/siteadmin_assets/assets/plugins/datepicker/locales bootstrap-datepicker.is.js
2017.07.25 17:28 B D:\Akshay\SparesWorldNew\SparesWorld\siteadmin_assets\assets\plugins\datepicker\locales\bootstrap-datepicker.it.js --> web-13.znetlive.in /Sparesworld/siteadmin_assets/assets/plugins/datepicker/locales bootstrap-datepicker.it.js
2017.07.25 17:28 B D:\Akshay\SparesWorldNew\SparesWorld\siteadmin_assets\assets\plugins\datepicker\locales\bootstrap-datepicker.ja.js --> web-13.znetlive.in /Sparesworld/siteadmin_assets/assets/plugins/datepicker/locales bootstrap-datepicker.ja.js
2017.07.25 17:28 B D:\Akshay\SparesWorldNew\SparesWorld\siteadmin_assets\assets\plugins\datepicker\locales\bootstrap-datepicker.ka.js --> web-13.znetlive.in /Sparesworld/siteadmin_assets/assets/plugins/datepicker/locales bootstrap-datepicker.ka.js
2017.07.25 17:28 B D:\Akshay\SparesWorldNew\SparesWorld\siteadmin_assets\assets\plugins\datepicker\locales\bootstrap-datepicker.kk.js --> web-13.znetlive.in /Sparesworld/siteadmin_assets/assets/plugins/datepicker/locales bootstrap-datepicker.kk.js
2017.07.25 17:28 B D:\Akshay\SparesWorldNew\SparesWorld\siteadmin_assets\assets\plugins\datepicker\locales\bootstrap-datepicker.kr.js --> web-13.znetlive.in /Sparesworld/siteadmin_assets/assets/plugins/datepicker/locales bootstrap-datepicker.kr.js
2017.07.25 17:28 B D:\Akshay\SparesWorldNew\SparesWorld\siteadmin_assets\assets\plugins\datepicker\locales\bootstrap-datepicker.lt.js --> web-13.znetlive.in /Sparesworld/siteadmin_assets/assets/plugins/datepicker/locales bootstrap-datepicker.lt.js
2017.07.25 17:28 B D:\Akshay\SparesWorldNew\SparesWorld\siteadmin_assets\assets\plugins\datepicker\locales\bootstrap-datepicker.lv.js --> web-13.znetlive.in /Sparesworld/siteadmin_assets/assets/plugins/datepicker/locales bootstrap-datepicker.lv.js
2017.07.25 17:28 B D:\Akshay\SparesWorldNew\SparesWorld\siteadmin_assets\assets\plugins\datepicker\locales\bootstrap-datepicker.mk.js --> web-13.znetlive.in /Sparesworld/siteadmin_assets/assets/plugins/datepicker/locales bootstrap-datepicker.mk.js
2017.07.25 17:28 B D:\Akshay\SparesWorldNew\SparesWorld\siteadmin_assets\assets\plugins\datepicker\locales\bootstrap-datepicker.ms.js --> web-13.znetlive.in /Sparesworld/siteadmin_assets/assets/plugins/datepicker/locales bootstrap-datepicker.ms.js
2017.07.25 17:28 B D:\Akshay\SparesWorldNew\SparesWorld\siteadmin_assets\assets\plugins\datepicker\locales\bootstrap-datepicker.nb.js --> web-13.znetlive.in /Sparesworld/siteadmin_assets/assets/plugins/datepicker/locales bootstrap-datepicker.nb.js
2017.07.25 17:28 B D:\Akshay\SparesWorldNew\SparesWorld\siteadmin_assets\assets\plugins\datepicker\locales\bootstrap-datepicker.nl-BE.js --> web-13.znetlive.in /Sparesworld/siteadmin_assets/assets/plugins/datepicker/locales bootstrap-datepicker.nl-BE.js
2017.07.25 17:28 B D:\Akshay\SparesWorldNew\SparesWorld\siteadmin_assets\assets\plugins\datepicker\locales\bootstrap-datepicker.nl.js --> web-13.znetlive.in /Sparesworld/siteadmin_assets/assets/plugins/datepicker/locales bootstrap-datepicker.nl.js
2017.07.25 17:28 B D:\Akshay\SparesWorldNew\SparesWorld\siteadmin_assets\assets\plugins\datepicker\locales\bootstrap-datepicker.no.js --> web-13.znetlive.in /Sparesworld/siteadmin_assets/assets/plugins/datepicker/locales bootstrap-datepicker.no.js
2017.07.25 17:28 B D:\Akshay\SparesWorldNew\SparesWorld\siteadmin_assets\assets\plugins\datepicker\locales\bootstrap-datepicker.pl.js --> web-13.znetlive.in /Sparesworld/siteadmin_assets/assets/plugins/datepicker/locales bootstrap-datepicker.pl.js
2017.07.25 17:28 B D:\Akshay\SparesWorldNew\SparesWorld\siteadmin_assets\assets\plugins\datepicker\locales\bootstrap-datepicker.pt-BR.js --> web-13.znetlive.in /Sparesworld/siteadmin_assets/assets/plugins/datepicker/locales bootstrap-datepicker.pt-BR.js
2017.07.25 17:28 B D:\Akshay\SparesWorldNew\SparesWorld\siteadmin_assets\assets\plugins\datepicker\locales\bootstrap-datepicker.pt.js --> web-13.znetlive.in /Sparesworld/siteadmin_assets/assets/plugins/datepicker/locales bootstrap-datepicker.pt.js
2017.07.25 17:28 B D:\Akshay\SparesWorldNew\SparesWorld\siteadmin_assets\assets\plugins\datepicker\locales\bootstrap-datepicker.ro.js --> web-13.znetlive.in /Sparesworld/siteadmin_assets/assets/plugins/datepicker/locales bootstrap-datepicker.ro.js
2017.07.25 17:28 B D:\Akshay\SparesWorldNew\SparesWorld\siteadmin_assets\assets\plugins\datepicker\locales\bootstrap-datepicker.rs-latin.js --> web-13.znetlive.in /Sparesworld/siteadmin_assets/assets/plugins/datepicker/locales bootstrap-datepicker.rs-latin.js
2017.07.25 17:28 B D:\Akshay\SparesWorldNew\SparesWorld\siteadmin_assets\assets\plugins\datepicker\locales\bootstrap-datepicker.rs.js --> web-13.znetlive.in /Sparesworld/siteadmin_assets/assets/plugins/datepicker/locales bootstrap-datepicker.rs.js
2017.07.25 17:28 B D:\Akshay\SparesWorldNew\SparesWorld\siteadmin_assets\assets\plugins\datepicker\locales\bootstrap-datepicker.ru.js --> web-13.znetlive.in /Sparesworld/siteadmin_assets/assets/plugins/datepicker/locales bootstrap-datepicker.ru.js
2017.07.25 17:28 B D:\Akshay\SparesWorldNew\SparesWorld\siteadmin_assets\assets\plugins\datepicker\locales\bootstrap-datepicker.sk.js --> web-13.znetlive.in /Sparesworld/siteadmin_assets/assets/plugins/datepicker/locales bootstrap-datepicker.sk.js
2017.07.25 17:28 B D:\Akshay\SparesWorldNew\SparesWorld\siteadmin_assets\assets\plugins\datepicker\locales\bootstrap-datepicker.sl.js --> web-13.znetlive.in /Sparesworld/siteadmin_assets/assets/plugins/datepicker/locales bootstrap-datepicker.sl.js
2017.07.25 17:28 B D:\Akshay\SparesWorldNew\SparesWorld\siteadmin_assets\assets\plugins\datepicker\locales\bootstrap-datepicker.sq.js --> web-13.znetlive.in /Sparesworld/siteadmin_assets/assets/plugins/datepicker/locales bootstrap-datepicker.sq.js
2017.07.25 17:28 B D:\Akshay\SparesWorldNew\SparesWorld\siteadmin_assets\assets\plugins\datepicker\locales\bootstrap-datepicker.sv.js --> web-13.znetlive.in /Sparesworld/siteadmin_assets/assets/plugins/datepicker/locales bootstrap-datepicker.sv.js
2017.07.25 17:28 B D:\Akshay\SparesWorldNew\SparesWorld\siteadmin_assets\assets\plugins\datepicker\locales\bootstrap-datepicker.sw.js --> web-13.znetlive.in /Sparesworld/siteadmin_assets/assets/plugins/datepicker/locales bootstrap-datepicker.sw.js
2017.07.25 17:28 B D:\Akshay\SparesWorldNew\SparesWorld\siteadmin_assets\assets\plugins\datepicker\locales\bootstrap-datepicker.th.js --> web-13.znetlive.in /Sparesworld/siteadmin_assets/assets/plugins/datepicker/locales bootstrap-datepicker.th.js
2017.07.25 17:28 B D:\Akshay\SparesWorldNew\SparesWorld\siteadmin_assets\assets\plugins\datepicker\locales\bootstrap-datepicker.tr.js --> web-13.znetlive.in /Sparesworld/siteadmin_assets/assets/plugins/datepicker/locales bootstrap-datepicker.tr.js
2017.07.25 17:28 B D:\Akshay\SparesWorldNew\SparesWorld\siteadmin_assets\assets\plugins\datepicker\locales\bootstrap-datepicker.ua.js --> web-13.znetlive.in /Sparesworld/siteadmin_assets/assets/plugins/datepicker/locales bootstrap-datepicker.ua.js
2017.07.25 17:28 B D:\Akshay\SparesWorldNew\SparesWorld\siteadmin_assets\assets\plugins\datepicker\locales\bootstrap-datepicker.vi.js --> web-13.znetlive.in /Sparesworld/siteadmin_assets/assets/plugins/datepicker/locales bootstrap-datepicker.vi.js
2017.07.25 17:28 B D:\Akshay\SparesWorldNew\SparesWorld\siteadmin_assets\assets\plugins\datepicker\locales\bootstrap-datepicker.zh-CN.js --> web-13.znetlive.in /Sparesworld/siteadmin_assets/assets/plugins/datepicker/locales bootstrap-datepicker.zh-CN.js
2017.07.25 17:28 B D:\Akshay\SparesWorldNew\SparesWorld\siteadmin_assets\assets\plugins\datepicker\locales\bootstrap-datepicker.zh-TW.js --> web-13.znetlive.in /Sparesworld/siteadmin_assets/assets/plugins/datepicker/locales bootstrap-datepicker.zh-TW.js
2017.07.25 17:28 B D:\Akshay\SparesWorldNew\SparesWorld\siteadmin_assets\assets\plugins\datepicker\locales\WS_FTP.LOG --> web-13.znetlive.in /Sparesworld/siteadmin_assets/assets/plugins/datepicker/locales WS_FTP.LOG
2019.09.20 13:03 B D:\sunil\Bebeirut\Bebeirut\siteadmin_assets\assets\plugins\datepicker\locales\bootstrap-datepicker.ar.js --> web-13.znetlive.in /uptindia/bebeirut.uptindia.com/wwwroot/siteadmin_assets/assets/plugins/datepicker/locales bootstrap-datepicker.ar.js
2019.09.20 13:03 B D:\sunil\Bebeirut\Bebeirut\siteadmin_assets\assets\plugins\datepicker\locales\bootstrap-datepicker.az.js --> web-13.znetlive.in /uptindia/bebeirut.uptindia.com/wwwroot/siteadmin_assets/assets/plugins/datepicker/locales bootstrap-datepicker.az.js
2019.09.20 13:03 B D:\sunil\Bebeirut\Bebeirut\siteadmin_assets\assets\plugins\datepicker\locales\bootstrap-datepicker.bg.js --> web-13.znetlive.in /uptindia/bebeirut.uptindia.com/wwwroot/siteadmin_assets/assets/plugins/datepicker/locales bootstrap-datepicker.bg.js
2019.09.20 13:03 B D:\sunil\Bebeirut\Bebeirut\siteadmin_assets\assets\plugins\datepicker\locales\bootstrap-datepicker.ca.js --> web-13.znetlive.in /uptindia/bebeirut.uptindia.com/wwwroot/siteadmin_assets/assets/plugins/datepicker/locales bootstrap-datepicker.ca.js
2019.09.20 13:03 B D:\sunil\Bebeirut\Bebeirut\siteadmin_assets\assets\plugins\datepicker\locales\bootstrap-datepicker.cs.js --> web-13.znetlive.in /uptindia/bebeirut.uptindia.com/wwwroot/siteadmin_assets/assets/plugins/datepicker/locales bootstrap-datepicker.cs.js
2019.09.20 13:03 B D:\sunil\Bebeirut\Bebeirut\siteadmin_assets\assets\plugins\datepicker\locales\bootstrap-datepicker.cy.js --> web-13.znetlive.in /uptindia/bebeirut.uptindia.com/wwwroot/siteadmin_assets/assets/plugins/datepicker/locales bootstrap-datepicker.cy.js
2019.09.20 13:03 B D:\sunil\Bebeirut\Bebeirut\siteadmin_assets\assets\plugins\datepicker\locales\bootstrap-datepicker.da.js --> web-13.znetlive.in /uptindia/bebeirut.uptindia.com/wwwroot/siteadmin_assets/assets/plugins/datepicker/locales bootstrap-datepicker.da.js
2019.09.20 13:03 B D:\sunil\Bebeirut\Bebeirut\siteadmin_assets\assets\plugins\datepicker\locales\bootstrap-datepicker.de.js --> web-13.znetlive.in /uptindia/bebeirut.uptindia.com/wwwroot/siteadmin_assets/assets/plugins/datepicker/locales bootstrap-datepicker.de.js
2019.09.20 13:03 B D:\sunil\Bebeirut\Bebeirut\siteadmin_assets\assets\plugins\datepicker\locales\bootstrap-datepicker.el.js --> web-13.znetlive.in /uptindia/bebeirut.uptindia.com/wwwroot/siteadmin_assets/assets/plugins/datepicker/locales bootstrap-datepicker.el.js
2019.09.20 13:03 B D:\sunil\Bebeirut\Bebeirut\siteadmin_assets\assets\plugins\datepicker\locales\bootstrap-datepicker.es.js --> web-13.znetlive.in /uptindia/bebeirut.uptindia.com/wwwroot/siteadmin_assets/assets/plugins/datepicker/locales bootstrap-datepicker.es.js
2019.09.20 13:03 B D:\sunil\Bebeirut\Bebeirut\siteadmin_assets\assets\plugins\datepicker\locales\bootstrap-datepicker.et.js --> web-13.znetlive.in /uptindia/bebeirut.uptindia.com/wwwroot/siteadmin_assets/assets/plugins/datepicker/locales bootstrap-datepicker.et.js
2019.09.20 13:03 B D:\sunil\Bebeirut\Bebeirut\siteadmin_assets\assets\plugins\datepicker\locales\bootstrap-datepicker.fa.js --> web-13.znetlive.in /uptindia/bebeirut.uptindia.com/wwwroot/siteadmin_assets/assets/plugins/datepicker/locales bootstrap-datepicker.fa.js
2019.09.20 13:03 B D:\sunil\Bebeirut\Bebeirut\siteadmin_assets\assets\plugins\datepicker\locales\bootstrap-datepicker.fi.js --> web-13.znetlive.in /uptindia/bebeirut.uptindia.com/wwwroot/siteadmin_assets/assets/plugins/datepicker/locales bootstrap-datepicker.fi.js
2019.09.20 13:03 B D:\sunil\Bebeirut\Bebeirut\siteadmin_assets\assets\plugins\datepicker\locales\bootstrap-datepicker.fr.js --> web-13.znetlive.in /uptindia/bebeirut.uptindia.com/wwwroot/siteadmin_assets/assets/plugins/datepicker/locales bootstrap-datepicker.fr.js
2019.09.20 13:03 B D:\sunil\Bebeirut\Bebeirut\siteadmin_assets\assets\plugins\datepicker\locales\bootstrap-datepicker.gl.js --> web-13.znetlive.in /uptindia/bebeirut.uptindia.com/wwwroot/siteadmin_assets/assets/plugins/datepicker/locales bootstrap-datepicker.gl.js
2019.09.20 13:03 B D:\sunil\Bebeirut\Bebeirut\siteadmin_assets\assets\plugins\datepicker\locales\bootstrap-datepicker.he.js --> web-13.znetlive.in /uptindia/bebeirut.uptindia.com/wwwroot/siteadmin_assets/assets/plugins/datepicker/locales bootstrap-datepicker.he.js
2019.09.20 13:03 B D:\sunil\Bebeirut\Bebeirut\siteadmin_assets\assets\plugins\datepicker\locales\bootstrap-datepicker.hr.js --> web-13.znetlive.in /uptindia/bebeirut.uptindia.com/wwwroot/siteadmin_assets/assets/plugins/datepicker/locales bootstrap-datepicker.hr.js
2019.09.20 13:03 B D:\sunil\Bebeirut\Bebeirut\siteadmin_assets\assets\plugins\datepicker\locales\bootstrap-datepicker.hu.js --> web-13.znetlive.in /uptindia/bebeirut.uptindia.com/wwwroot/siteadmin_assets/assets/plugins/datepicker/locales bootstrap-datepicker.hu.js
2019.09.20 13:03 B D:\sunil\Bebeirut\Bebeirut\siteadmin_assets\assets\plugins\datepicker\locales\bootstrap-datepicker.id.js --> web-13.znetlive.in /uptindia/bebeirut.uptindia.com/wwwroot/siteadmin_assets/assets/plugins/datepicker/locales bootstrap-datepicker.id.js
2019.09.20 13:03 B D:\sunil\Bebeirut\Bebeirut\siteadmin_assets\assets\plugins\datepicker\locales\bootstrap-datepicker.is.js --> web-13.znetlive.in /uptindia/bebeirut.uptindia.com/wwwroot/siteadmin_assets/assets/plugins/datepicker/locales bootstrap-datepicker.is.js
2019.09.20 13:03 B D:\sunil\Bebeirut\Bebeirut\siteadmin_assets\assets\plugins\datepicker\locales\bootstrap-datepicker.it.js --> web-13.znetlive.in /uptindia/bebeirut.uptindia.com/wwwroot/siteadmin_assets/assets/plugins/datepicker/locales bootstrap-datepicker.it.js
2019.09.20 13:03 B D:\sunil\Bebeirut\Bebeirut\siteadmin_assets\assets\plugins\datepicker\locales\bootstrap-datepicker.ja.js --> web-13.znetlive.in /uptindia/bebeirut.uptindia.com/wwwroot/siteadmin_assets/assets/plugins/datepicker/locales bootstrap-datepicker.ja.js
2019.09.20 13:03 B D:\sunil\Bebeirut\Bebeirut\siteadmin_assets\assets\plugins\datepicker\locales\bootstrap-datepicker.ka.js --> web-13.znetlive.in /uptindia/bebeirut.uptindia.com/wwwroot/siteadmin_assets/assets/plugins/datepicker/locales bootstrap-datepicker.ka.js
2019.09.20 13:03 B D:\sunil\Bebeirut\Bebeirut\siteadmin_assets\assets\plugins\datepicker\locales\bootstrap-datepicker.kk.js --> web-13.znetlive.in /uptindia/bebeirut.uptindia.com/wwwroot/siteadmin_assets/assets/plugins/datepicker/locales bootstrap-datepicker.kk.js
2019.09.20 13:03 B D:\sunil\Bebeirut\Bebeirut\siteadmin_assets\assets\plugins\datepicker\locales\bootstrap-datepicker.kr.js --> web-13.znetlive.in /uptindia/bebeirut.uptindia.com/wwwroot/siteadmin_assets/assets/plugins/datepicker/locales bootstrap-datepicker.kr.js
2019.09.20 13:03 B D:\sunil\Bebeirut\Bebeirut\siteadmin_assets\assets\plugins\datepicker\locales\bootstrap-datepicker.lt.js --> web-13.znetlive.in /uptindia/bebeirut.uptindia.com/wwwroot/siteadmin_assets/assets/plugins/datepicker/locales bootstrap-datepicker.lt.js
2019.09.20 13:03 B D:\sunil\Bebeirut\Bebeirut\siteadmin_assets\assets\plugins\datepicker\locales\bootstrap-datepicker.lv.js --> web-13.znetlive.in /uptindia/bebeirut.uptindia.com/wwwroot/siteadmin_assets/assets/plugins/datepicker/locales bootstrap-datepicker.lv.js
2019.09.20 13:03 B D:\sunil\Bebeirut\Bebeirut\siteadmin_assets\assets\plugins\datepicker\locales\bootstrap-datepicker.mk.js --> web-13.znetlive.in /uptindia/bebeirut.uptindia.com/wwwroot/siteadmin_assets/assets/plugins/datepicker/locales bootstrap-datepicker.mk.js
2019.09.20 13:03 B D:\sunil\Bebeirut\Bebeirut\siteadmin_assets\assets\plugins\datepicker\locales\bootstrap-datepicker.ms.js --> web-13.znetlive.in /uptindia/bebeirut.uptindia.com/wwwroot/siteadmin_assets/assets/plugins/datepicker/locales bootstrap-datepicker.ms.js
2019.09.20 13:03 B D:\sunil\Bebeirut\Bebeirut\siteadmin_assets\assets\plugins\datepicker\locales\bootstrap-datepicker.nb.js --> web-13.znetlive.in /uptindia/bebeirut.uptindia.com/wwwroot/siteadmin_assets/assets/plugins/datepicker/locales bootstrap-datepicker.nb.js
2019.09.20 13:03 B D:\sunil\Bebeirut\Bebeirut\siteadmin_assets\assets\plugins\datepicker\locales\bootstrap-datepicker.nl-BE.js --> web-13.znetlive.in /uptindia/bebeirut.uptindia.com/wwwroot/siteadmin_assets/assets/plugins/datepicker/locales bootstrap-datepicker.nl-BE.js
2019.09.20 13:03 B D:\sunil\Bebeirut\Bebeirut\siteadmin_assets\assets\plugins\datepicker\locales\bootstrap-datepicker.nl.js --> web-13.znetlive.in /uptindia/bebeirut.uptindia.com/wwwroot/siteadmin_assets/assets/plugins/datepicker/locales bootstrap-datepicker.nl.js
2019.09.20 13:03 B D:\sunil\Bebeirut\Bebeirut\siteadmin_assets\assets\plugins\datepicker\locales\bootstrap-datepicker.no.js --> web-13.znetlive.in /uptindia/bebeirut.uptindia.com/wwwroot/siteadmin_assets/assets/plugins/datepicker/locales bootstrap-datepicker.no.js
2019.09.20 13:03 B D:\sunil\Bebeirut\Bebeirut\siteadmin_assets\assets\plugins\datepicker\locales\bootstrap-datepicker.pl.js --> web-13.znetlive.in /uptindia/bebeirut.uptindia.com/wwwroot/siteadmin_assets/assets/plugins/datepicker/locales bootstrap-datepicker.pl.js
2019.09.20 13:03 B D:\sunil\Bebeirut\Bebeirut\siteadmin_assets\assets\plugins\datepicker\locales\bootstrap-datepicker.pt-BR.js --> web-13.znetlive.in /uptindia/bebeirut.uptindia.com/wwwroot/siteadmin_assets/assets/plugins/datepicker/locales bootstrap-datepicker.pt-BR.js
2019.09.20 13:03 B D:\sunil\Bebeirut\Bebeirut\siteadmin_assets\assets\plugins\datepicker\locales\bootstrap-datepicker.pt.js --> web-13.znetlive.in /uptindia/bebeirut.uptindia.com/wwwroot/siteadmin_assets/assets/plugins/datepicker/locales bootstrap-datepicker.pt.js
2019.09.20 13:03 B D:\sunil\Bebeirut\Bebeirut\siteadmin_assets\assets\plugins\datepicker\locales\bootstrap-datepicker.ro.js --> web-13.znetlive.in /uptindia/bebeirut.uptindia.com/wwwroot/siteadmin_assets/assets/plugins/datepicker/locales bootstrap-datepicker.ro.js
2019.09.20 13:03 B D:\sunil\Bebeirut\Bebeirut\siteadmin_assets\assets\plugins\datepicker\locales\bootstrap-datepicker.rs-latin.js --> web-13.znetlive.in /uptindia/bebeirut.uptindia.com/wwwroot/siteadmin_assets/assets/plugins/datepicker/locales bootstrap-datepicker.rs-latin.js
2019.09.20 13:03 B D:\sunil\Bebeirut\Bebeirut\siteadmin_assets\assets\plugins\datepicker\locales\bootstrap-datepicker.rs.js --> web-13.znetlive.in /uptindia/bebeirut.uptindia.com/wwwroot/siteadmin_assets/assets/plugins/datepicker/locales bootstrap-datepicker.rs.js
2019.09.20 13:03 B D:\sunil\Bebeirut\Bebeirut\siteadmin_assets\assets\plugins\datepicker\locales\bootstrap-datepicker.ru.js --> web-13.znetlive.in /uptindia/bebeirut.uptindia.com/wwwroot/siteadmin_assets/assets/plugins/datepicker/locales bootstrap-datepicker.ru.js
2019.09.20 13:03 B D:\sunil\Bebeirut\Bebeirut\siteadmin_assets\assets\plugins\datepicker\locales\bootstrap-datepicker.sk.js --> web-13.znetlive.in /uptindia/bebeirut.uptindia.com/wwwroot/siteadmin_assets/assets/plugins/datepicker/locales bootstrap-datepicker.sk.js
2019.09.20 13:03 B D:\sunil\Bebeirut\Bebeirut\siteadmin_assets\assets\plugins\datepicker\locales\bootstrap-datepicker.sl.js --> web-13.znetlive.in /uptindia/bebeirut.uptindia.com/wwwroot/siteadmin_assets/assets/plugins/datepicker/locales bootstrap-datepicker.sl.js
2019.09.20 13:03 B D:\sunil\Bebeirut\Bebeirut\siteadmin_assets\assets\plugins\datepicker\locales\bootstrap-datepicker.sq.js --> web-13.znetlive.in /uptindia/bebeirut.uptindia.com/wwwroot/siteadmin_assets/assets/plugins/datepicker/locales bootstrap-datepicker.sq.js
2019.09.20 13:03 B D:\sunil\Bebeirut\Bebeirut\siteadmin_assets\assets\plugins\datepicker\locales\bootstrap-datepicker.sv.js --> web-13.znetlive.in /uptindia/bebeirut.uptindia.com/wwwroot/siteadmin_assets/assets/plugins/datepicker/locales bootstrap-datepicker.sv.js
2019.09.20 13:03 B D:\sunil\Bebeirut\Bebeirut\siteadmin_assets\assets\plugins\datepicker\locales\bootstrap-datepicker.sw.js --> web-13.znetlive.in /uptindia/bebeirut.uptindia.com/wwwroot/siteadmin_assets/assets/plugins/datepicker/locales bootstrap-datepicker.sw.js
2019.09.20 13:03 B D:\sunil\Bebeirut\Bebeirut\siteadmin_assets\assets\plugins\datepicker\locales\bootstrap-datepicker.th.js --> web-13.znetlive.in /uptindia/bebeirut.uptindia.com/wwwroot/siteadmin_assets/assets/plugins/datepicker/locales bootstrap-datepicker.th.js
2019.09.20 13:03 B D:\sunil\Bebeirut\Bebeirut\siteadmin_assets\assets\plugins\datepicker\locales\bootstrap-datepicker.tr.js --> web-13.znetlive.in /uptindia/bebeirut.uptindia.com/wwwroot/siteadmin_assets/assets/plugins/datepicker/locales bootstrap-datepicker.tr.js
2019.09.20 13:03 B D:\sunil\Bebeirut\Bebeirut\siteadmin_assets\assets\plugins\datepicker\locales\bootstrap-datepicker.ua.js --> web-13.znetlive.in /uptindia/bebeirut.uptindia.com/wwwroot/siteadmin_assets/assets/plugins/datepicker/locales bootstrap-datepicker.ua.js
2019.09.20 13:03 B D:\sunil\Bebeirut\Bebeirut\siteadmin_assets\assets\plugins\datepicker\locales\bootstrap-datepicker.vi.js --> web-13.znetlive.in /uptindia/bebeirut.uptindia.com/wwwroot/siteadmin_assets/assets/plugins/datepicker/locales bootstrap-datepicker.vi.js
2019.09.20 13:03 B D:\sunil\Bebeirut\Bebeirut\siteadmin_assets\assets\plugins\datepicker\locales\bootstrap-datepicker.zh-CN.js --> web-13.znetlive.in /uptindia/bebeirut.uptindia.com/wwwroot/siteadmin_assets/assets/plugins/datepicker/locales bootstrap-datepicker.zh-CN.js
2019.09.20 13:03 B D:\sunil\Bebeirut\Bebeirut\siteadmin_assets\assets\plugins\datepicker\locales\bootstrap-datepicker.zh-TW.js --> web-13.znetlive.in /uptindia/bebeirut.uptindia.com/wwwroot/siteadmin_assets/assets/plugins/datepicker/locales bootstrap-datepicker.zh-TW.js
2019.09.20 13:03 B D:\sunil\Bebeirut\Bebeirut\siteadmin_assets\assets\plugins\datepicker\locales\WS_FTP.LOG --> web-13.znetlive.in /uptindia/bebeirut.uptindia.com/wwwroot/siteadmin_assets/assets/plugins/datepicker/locales WS_FTP.LOG
2020.01.13 16:00 B E:\Sunil\invention project\InventionReportApi\InventionReportApi\siteadmin_assets\assets\plugins\datepicker\locales\bootstrap-datepicker.ar.js --> web-13.znetlive.in /uptindia/admin.invention.uptindia.com/wwwroot/siteadmin_assets/assets/plugins/datepicker/locales bootstrap-datepicker.ar.js
2020.01.13 16:00 B E:\Sunil\invention project\InventionReportApi\InventionReportApi\siteadmin_assets\assets\plugins\datepicker\locales\bootstrap-datepicker.az.js --> web-13.znetlive.in /uptindia/admin.invention.uptindia.com/wwwroot/siteadmin_assets/assets/plugins/datepicker/locales bootstrap-datepicker.az.js
2020.01.13 16:00 B E:\Sunil\invention project\InventionReportApi\InventionReportApi\siteadmin_assets\assets\plugins\datepicker\locales\bootstrap-datepicker.bg.js --> web-13.znetlive.in /uptindia/admin.invention.uptindia.com/wwwroot/siteadmin_assets/assets/plugins/datepicker/locales bootstrap-datepicker.bg.js
2020.01.13 16:00 B E:\Sunil\invention project\InventionReportApi\InventionReportApi\siteadmin_assets\assets\plugins\datepicker\locales\bootstrap-datepicker.ca.js --> web-13.znetlive.in /uptindia/admin.invention.uptindia.com/wwwroot/siteadmin_assets/assets/plugins/datepicker/locales bootstrap-datepicker.ca.js
2020.01.13 16:00 B E:\Sunil\invention project\InventionReportApi\InventionReportApi\siteadmin_assets\assets\plugins\datepicker\locales\bootstrap-datepicker.cs.js --> web-13.znetlive.in /uptindia/admin.invention.uptindia.com/wwwroot/siteadmin_assets/assets/plugins/datepicker/locales bootstrap-datepicker.cs.js
2020.01.13 16:00 B E:\Sunil\invention project\InventionReportApi\InventionReportApi\siteadmin_assets\assets\plugins\datepicker\locales\bootstrap-datepicker.cy.js --> web-13.znetlive.in /uptindia/admin.invention.uptindia.com/wwwroot/siteadmin_assets/assets/plugins/datepicker/locales bootstrap-datepicker.cy.js
2020.01.13 16:00 B E:\Sunil\invention project\InventionReportApi\InventionReportApi\siteadmin_assets\assets\plugins\datepicker\locales\bootstrap-datepicker.da.js --> web-13.znetlive.in /uptindia/admin.invention.uptindia.com/wwwroot/siteadmin_assets/assets/plugins/datepicker/locales bootstrap-datepicker.da.js
2020.01.13 16:00 B E:\Sunil\invention project\InventionReportApi\InventionReportApi\siteadmin_assets\assets\plugins\datepicker\locales\bootstrap-datepicker.de.js --> web-13.znetlive.in /uptindia/admin.invention.uptindia.com/wwwroot/siteadmin_assets/assets/plugins/datepicker/locales bootstrap-datepicker.de.js
2020.01.13 16:00 B E:\Sunil\invention project\InventionReportApi\InventionReportApi\siteadmin_assets\assets\plugins\datepicker\locales\bootstrap-datepicker.el.js --> web-13.znetlive.in /uptindia/admin.invention.uptindia.com/wwwroot/siteadmin_assets/assets/plugins/datepicker/locales bootstrap-datepicker.el.js
2020.01.13 16:00 B E:\Sunil\invention project\InventionReportApi\InventionReportApi\siteadmin_assets\assets\plugins\datepicker\locales\bootstrap-datepicker.es.js --> web-13.znetlive.in /uptindia/admin.invention.uptindia.com/wwwroot/siteadmin_assets/assets/plugins/datepicker/locales bootstrap-datepicker.es.js
2020.01.13 16:00 B E:\Sunil\invention project\InventionReportApi\InventionReportApi\siteadmin_assets\assets\plugins\datepicker\locales\bootstrap-datepicker.et.js --> web-13.znetlive.in /uptindia/admin.invention.uptindia.com/wwwroot/siteadmin_assets/assets/plugins/datepicker/locales bootstrap-datepicker.et.js
2020.01.13 16:00 B E:\Sunil\invention project\InventionReportApi\InventionReportApi\siteadmin_assets\assets\plugins\datepicker\locales\bootstrap-datepicker.fa.js --> web-13.znetlive.in /uptindia/admin.invention.uptindia.com/wwwroot/siteadmin_assets/assets/plugins/datepicker/locales bootstrap-datepicker.fa.js
2020.01.13 16:00 B E:\Sunil\invention project\InventionReportApi\InventionReportApi\siteadmin_assets\assets\plugins\datepicker\locales\bootstrap-datepicker.fi.js --> web-13.znetlive.in /uptindia/admin.invention.uptindia.com/wwwroot/siteadmin_assets/assets/plugins/datepicker/locales bootstrap-datepicker.fi.js
2020.01.13 16:00 B E:\Sunil\invention project\InventionReportApi\InventionReportApi\siteadmin_assets\assets\plugins\datepicker\locales\bootstrap-datepicker.fr.js --> web-13.znetlive.in /uptindia/admin.invention.uptindia.com/wwwroot/siteadmin_assets/assets/plugins/datepicker/locales bootstrap-datepicker.fr.js
2020.01.13 16:00 B E:\Sunil\invention project\InventionReportApi\InventionReportApi\siteadmin_assets\assets\plugins\datepicker\locales\bootstrap-datepicker.gl.js --> web-13.znetlive.in /uptindia/admin.invention.uptindia.com/wwwroot/siteadmin_assets/assets/plugins/datepicker/locales bootstrap-datepicker.gl.js
2020.01.13 16:00 B E:\Sunil\invention project\InventionReportApi\InventionReportApi\siteadmin_assets\assets\plugins\datepicker\locales\bootstrap-datepicker.he.js --> web-13.znetlive.in /uptindia/admin.invention.uptindia.com/wwwroot/siteadmin_assets/assets/plugins/datepicker/locales bootstrap-datepicker.he.js
2020.01.13 16:00 B E:\Sunil\invention project\InventionReportApi\InventionReportApi\siteadmin_assets\assets\plugins\datepicker\locales\bootstrap-datepicker.hr.js --> web-13.znetlive.in /uptindia/admin.invention.uptindia.com/wwwroot/siteadmin_assets/assets/plugins/datepicker/locales bootstrap-datepicker.hr.js
2020.01.13 16:01 B E:\Sunil\invention project\InventionReportApi\InventionReportApi\siteadmin_assets\assets\plugins\datepicker\locales\bootstrap-datepicker.hu.js --> web-13.znetlive.in /uptindia/admin.invention.uptindia.com/wwwroot/siteadmin_assets/assets/plugins/datepicker/locales bootstrap-datepicker.hu.js
2020.01.13 16:01 B E:\Sunil\invention project\InventionReportApi\InventionReportApi\siteadmin_assets\assets\plugins\datepicker\locales\bootstrap-datepicker.id.js --> web-13.znetlive.in /uptindia/admin.invention.uptindia.com/wwwroot/siteadmin_assets/assets/plugins/datepicker/locales bootstrap-datepicker.id.js
2020.01.13 16:01 B E:\Sunil\invention project\InventionReportApi\InventionReportApi\siteadmin_assets\assets\plugins\datepicker\locales\bootstrap-datepicker.is.js --> web-13.znetlive.in /uptindia/admin.invention.uptindia.com/wwwroot/siteadmin_assets/assets/plugins/datepicker/locales bootstrap-datepicker.is.js
2020.01.13 16:01 B E:\Sunil\invention project\InventionReportApi\InventionReportApi\siteadmin_assets\assets\plugins\datepicker\locales\bootstrap-datepicker.it.js --> web-13.znetlive.in /uptindia/admin.invention.uptindia.com/wwwroot/siteadmin_assets/assets/plugins/datepicker/locales bootstrap-datepicker.it.js
2020.01.13 16:01 B E:\Sunil\invention project\InventionReportApi\InventionReportApi\siteadmin_assets\assets\plugins\datepicker\locales\bootstrap-datepicker.ja.js --> web-13.znetlive.in /uptindia/admin.invention.uptindia.com/wwwroot/siteadmin_assets/assets/plugins/datepicker/locales bootstrap-datepicker.ja.js
2020.01.13 16:01 B E:\Sunil\invention project\InventionReportApi\InventionReportApi\siteadmin_assets\assets\plugins\datepicker\locales\bootstrap-datepicker.ka.js --> web-13.znetlive.in /uptindia/admin.invention.uptindia.com/wwwroot/siteadmin_assets/assets/plugins/datepicker/locales bootstrap-datepicker.ka.js
2020.01.13 16:01 B E:\Sunil\invention project\InventionReportApi\InventionReportApi\siteadmin_assets\assets\plugins\datepicker\locales\bootstrap-datepicker.kk.js --> web-13.znetlive.in /uptindia/admin.invention.uptindia.com/wwwroot/siteadmin_assets/assets/plugins/datepicker/locales bootstrap-datepicker.kk.js
2020.01.13 16:01 B E:\Sunil\invention project\InventionReportApi\InventionReportApi\siteadmin_assets\assets\plugins\datepicker\locales\bootstrap-datepicker.kr.js --> web-13.znetlive.in /uptindia/admin.invention.uptindia.com/wwwroot/siteadmin_assets/assets/plugins/datepicker/locales bootstrap-datepicker.kr.js
2020.01.13 16:01 B E:\Sunil\invention project\InventionReportApi\InventionReportApi\siteadmin_assets\assets\plugins\datepicker\locales\bootstrap-datepicker.lt.js --> web-13.znetlive.in /uptindia/admin.invention.uptindia.com/wwwroot/siteadmin_assets/assets/plugins/datepicker/locales bootstrap-datepicker.lt.js
2020.01.13 16:01 B E:\Sunil\invention project\InventionReportApi\InventionReportApi\siteadmin_assets\assets\plugins\datepicker\locales\bootstrap-datepicker.lv.js --> web-13.znetlive.in /uptindia/admin.invention.uptindia.com/wwwroot/siteadmin_assets/assets/plugins/datepicker/locales bootstrap-datepicker.lv.js
2020.01.13 16:01 B E:\Sunil\invention project\InventionReportApi\InventionReportApi\siteadmin_assets\assets\plugins\datepicker\locales\bootstrap-datepicker.mk.js --> web-13.znetlive.in /uptindia/admin.invention.uptindia.com/wwwroot/siteadmin_assets/assets/plugins/datepicker/locales bootstrap-datepicker.mk.js
2020.01.13 16:01 B E:\Sunil\invention project\InventionReportApi\InventionReportApi\siteadmin_assets\assets\plugins\datepicker\locales\bootstrap-datepicker.ms.js --> web-13.znetlive.in /uptindia/admin.invention.uptindia.com/wwwroot/siteadmin_assets/assets/plugins/datepicker/locales bootstrap-datepicker.ms.js
2020.01.13 16:01 B E:\Sunil\invention project\InventionReportApi\InventionReportApi\siteadmin_assets\assets\plugins\datepicker\locales\bootstrap-datepicker.nb.js --> web-13.znetlive.in /uptindia/admin.invention.uptindia.com/wwwroot/siteadmin_assets/assets/plugins/datepicker/locales bootstrap-datepicker.nb.js
2020.01.13 16:01 B E:\Sunil\invention project\InventionReportApi\InventionReportApi\siteadmin_assets\assets\plugins\datepicker\locales\bootstrap-datepicker.nl-BE.js --> web-13.znetlive.in /uptindia/admin.invention.uptindia.com/wwwroot/siteadmin_assets/assets/plugins/datepicker/locales bootstrap-datepicker.nl-BE.js
2020.01.13 16:01 B E:\Sunil\invention project\InventionReportApi\InventionReportApi\siteadmin_assets\assets\plugins\datepicker\locales\bootstrap-datepicker.nl.js --> web-13.znetlive.in /uptindia/admin.invention.uptindia.com/wwwroot/siteadmin_assets/assets/plugins/datepicker/locales bootstrap-datepicker.nl.js
2020.01.13 16:01 B E:\Sunil\invention project\InventionReportApi\InventionReportApi\siteadmin_assets\assets\plugins\datepicker\locales\bootstrap-datepicker.no.js --> web-13.znetlive.in /uptindia/admin.invention.uptindia.com/wwwroot/siteadmin_assets/assets/plugins/datepicker/locales bootstrap-datepicker.no.js
2020.01.13 16:01 B E:\Sunil\invention project\InventionReportApi\InventionReportApi\siteadmin_assets\assets\plugins\datepicker\locales\bootstrap-datepicker.pl.js --> web-13.znetlive.in /uptindia/admin.invention.uptindia.com/wwwroot/siteadmin_assets/assets/plugins/datepicker/locales bootstrap-datepicker.pl.js
2020.01.13 16:01 B E:\Sunil\invention project\InventionReportApi\InventionReportApi\siteadmin_assets\assets\plugins\datepicker\locales\bootstrap-datepicker.pt-BR.js --> web-13.znetlive.in /uptindia/admin.invention.uptindia.com/wwwroot/siteadmin_assets/assets/plugins/datepicker/locales bootstrap-datepicker.pt-BR.js
2020.01.13 16:01 B E:\Sunil\invention project\InventionReportApi\InventionReportApi\siteadmin_assets\assets\plugins\datepicker\locales\bootstrap-datepicker.pt.js --> web-13.znetlive.in /uptindia/admin.invention.uptindia.com/wwwroot/siteadmin_assets/assets/plugins/datepicker/locales bootstrap-datepicker.pt.js
2020.01.13 16:01 B E:\Sunil\invention project\InventionReportApi\InventionReportApi\siteadmin_assets\assets\plugins\datepicker\locales\bootstrap-datepicker.ro.js --> web-13.znetlive.in /uptindia/admin.invention.uptindia.com/wwwroot/siteadmin_assets/assets/plugins/datepicker/locales bootstrap-datepicker.ro.js
2020.01.13 16:01 B E:\Sunil\invention project\InventionReportApi\InventionReportApi\siteadmin_assets\assets\plugins\datepicker\locales\bootstrap-datepicker.rs-latin.js --> web-13.znetlive.in /uptindia/admin.invention.uptindia.com/wwwroot/siteadmin_assets/assets/plugins/datepicker/locales bootstrap-datepicker.rs-latin.js
2020.01.13 16:01 B E:\Sunil\invention project\InventionReportApi\InventionReportApi\siteadmin_assets\assets\plugins\datepicker\locales\bootstrap-datepicker.rs.js --> web-13.znetlive.in /uptindia/admin.invention.uptindia.com/wwwroot/siteadmin_assets/assets/plugins/datepicker/locales bootstrap-datepicker.rs.js
2020.01.13 16:01 B E:\Sunil\invention project\InventionReportApi\InventionReportApi\siteadmin_assets\assets\plugins\datepicker\locales\bootstrap-datepicker.ru.js --> web-13.znetlive.in /uptindia/admin.invention.uptindia.com/wwwroot/siteadmin_assets/assets/plugins/datepicker/locales bootstrap-datepicker.ru.js
2020.01.13 16:01 B E:\Sunil\invention project\InventionReportApi\InventionReportApi\siteadmin_assets\assets\plugins\datepicker\locales\bootstrap-datepicker.sk.js --> web-13.znetlive.in /uptindia/admin.invention.uptindia.com/wwwroot/siteadmin_assets/assets/plugins/datepicker/locales bootstrap-datepicker.sk.js
2020.01.13 16:01 B E:\Sunil\invention project\InventionReportApi\InventionReportApi\siteadmin_assets\assets\plugins\datepicker\locales\bootstrap-datepicker.sl.js --> web-13.znetlive.in /uptindia/admin.invention.uptindia.com/wwwroot/siteadmin_assets/assets/plugins/datepicker/locales bootstrap-datepicker.sl.js
2020.01.13 16:01 B E:\Sunil\invention project\InventionReportApi\InventionReportApi\siteadmin_assets\assets\plugins\datepicker\locales\bootstrap-datepicker.sq.js --> web-13.znetlive.in /uptindia/admin.invention.uptindia.com/wwwroot/siteadmin_assets/assets/plugins/datepicker/locales bootstrap-datepicker.sq.js
2020.01.13 16:01 B E:\Sunil\invention project\InventionReportApi\InventionReportApi\siteadmin_assets\assets\plugins\datepicker\locales\bootstrap-datepicker.sv.js --> web-13.znetlive.in /uptindia/admin.invention.uptindia.com/wwwroot/siteadmin_assets/assets/plugins/datepicker/locales bootstrap-datepicker.sv.js
2020.01.13 16:01 B E:\Sunil\invention project\InventionReportApi\InventionReportApi\siteadmin_assets\assets\plugins\datepicker\locales\bootstrap-datepicker.sw.js --> web-13.znetlive.in /uptindia/admin.invention.uptindia.com/wwwroot/siteadmin_assets/assets/plugins/datepicker/locales bootstrap-datepicker.sw.js
2020.01.13 16:01 B E:\Sunil\invention project\InventionReportApi\InventionReportApi\siteadmin_assets\assets\plugins\datepicker\locales\bootstrap-datepicker.th.js --> web-13.znetlive.in /uptindia/admin.invention.uptindia.com/wwwroot/siteadmin_assets/assets/plugins/datepicker/locales bootstrap-datepicker.th.js
2020.01.13 16:01 B E:\Sunil\invention project\InventionReportApi\InventionReportApi\siteadmin_assets\assets\plugins\datepicker\locales\bootstrap-datepicker.tr.js --> web-13.znetlive.in /uptindia/admin.invention.uptindia.com/wwwroot/siteadmin_assets/assets/plugins/datepicker/locales bootstrap-datepicker.tr.js
2020.01.13 16:01 B E:\Sunil\invention project\InventionReportApi\InventionReportApi\siteadmin_assets\assets\plugins\datepicker\locales\bootstrap-datepicker.ua.js --> web-13.znetlive.in /uptindia/admin.invention.uptindia.com/wwwroot/siteadmin_assets/assets/plugins/datepicker/locales bootstrap-datepicker.ua.js
2020.01.13 16:01 B E:\Sunil\invention project\InventionReportApi\InventionReportApi\siteadmin_assets\assets\plugins\datepicker\locales\bootstrap-datepicker.vi.js --> web-13.znetlive.in /uptindia/admin.invention.uptindia.com/wwwroot/siteadmin_assets/assets/plugins/datepicker/locales bootstrap-datepicker.vi.js
2020.01.13 16:01 B E:\Sunil\invention project\InventionReportApi\InventionReportApi\siteadmin_assets\assets\plugins\datepicker\locales\bootstrap-datepicker.zh-CN.js --> web-13.znetlive.in /uptindia/admin.invention.uptindia.com/wwwroot/siteadmin_assets/assets/plugins/datepicker/locales bootstrap-datepicker.zh-CN.js
2020.01.13 16:01 B E:\Sunil\invention project\InventionReportApi\InventionReportApi\siteadmin_assets\assets\plugins\datepicker\locales\bootstrap-datepicker.zh-TW.js --> web-13.znetlive.in /uptindia/admin.invention.uptindia.com/wwwroot/siteadmin_assets/assets/plugins/datepicker/locales bootstrap-datepicker.zh-TW.js
2020.01.13 16:01 B E:\Sunil\invention project\InventionReportApi\InventionReportApi\siteadmin_assets\assets\plugins\datepicker\locales\WS_FTP.LOG --> web-13.znetlive.in /uptindia/admin.invention.uptindia.com/wwwroot/siteadmin_assets/assets/plugins/datepicker/locales WS_FTP.LOG
